title,author,page,작가/번역,출판사,출간일,작가
변신이야기 1,오비디우스 저/이윤기 역 | 민음사 | 1998년 08월,http://www.yes24.com/Product/Goods/17364,오비디우스 저/이윤기 역 , 민음사 , 1998년 08월,오비디우스
한국단편문학선 1,김동인 등저 | 민음사 | 2000년 10월,http://www.yes24.com/Product/Goods/57202,김동인 등저 , 민음사 , 2000년 10월,"김동인, 현진건, 이광수, 나도향, 최서해, 김유정, 채만식, 이상, 이효석, 이태준, 정비석, 염상섭"
춘향전,백범영 그림/송성욱 편역 | 민음사 | 2004년 04월,http://www.yes24.com/Product/Goods/1377188,백범영 그림/송성욱 편역 , 민음사 , 2004년 04월,"김동리, 황순원, 오영수, 손창섭, 정한숙, 이호철, 장용학, 서기원, 박경리, 강신재, 선우휘"
페르디두르케,"비톨트 곰브로비치 저/임미경,윤진 역 | 민음사 | 2004년 05월",http://www.yes24.com/Product/Goods/1387489,"비톨트 곰브로비치 저/임미경,윤진 역 ", 민음사 , 2004년 05월,비톨트 곰브로비치
포르노그라피아,비톨트 곰브로비치 저/임미경 역 | 민음사 | 2004년 05월,http://www.yes24.com/Product/Goods/1387490,비톨트 곰브로비치 저/임미경 역 , 민음사 , 2004년 05월,비톨트 곰브로비치
인간 실격,다자이 오사무 저 | 민음사 | 2004년 05월,http://www.yes24.com/Product/Goods/1387488,다자이 오사무 저 , 민음사 , 2004년 05월,다자이 오사무
네루다의 우편배달부,안토니오 스카르메타 저 / 우석균 역 | 민음사 | 2004년 07월,http://www.yes24.com/Product/Goods/1398241,안토니오 스카르메타 저 / 우석균 역 , 민음사 , 2004년 07월,안토니오 스카르메타
이탈리아 기행 1,요한 볼프강 폰 괴테 저 | 민음사 | 2004년 08월,http://www.yes24.com/Product/Goods/1405848,요한 볼프강 폰 괴테 저 , 민음사 , 2004년 08월,요한 볼프강 폰 괴테
이탈리아 기행 2,요한 볼프강 폰 괴테 저 | 민음사 | 2004년 08월,http://www.yes24.com/Product/Goods/1405851,요한 볼프강 폰 괴테 저 , 민음사 , 2004년 08월,요한 볼프강 폰 괴테
나무 위의 남작,이탈로 칼비노 저/이현경 역 | 민음사 | 2004년 08월,http://www.yes24.com/Product/Goods/1406852,이탈로 칼비노 저/이현경 역 , 민음사 , 2004년 08월,이탈로 칼비노
달콤 쌉싸름한 초콜릿,라우라 에스키벨 저/권미선 역 | 민음사 | 2004년 10월,http://www.yes24.com/Product/Goods/1422121,라우라 에스키벨 저/권미선 역 , 민음사 , 2004년 10월,라우라 에스키벨
제인 에어 1,샬롯 브론테 저 | 민음사 | 2004년 10월,http://www.yes24.com/Product/Goods/1426188,샬롯 브론테 저 , 민음사 , 2004년 10월,샬롯 브론테
인간의 굴레에서 1,윌리엄 서머싯 몸 저 | 민음사 | 2000년 12월,http://www.yes24.com/Product/Goods/17378,윌리엄 서머싯 몸 저 , 민음사 , 2000년 12월,윌리엄 서머싯 몸
제인 에어 2,샬롯 브론테 저 | 민음사 | 2004년 10월,http://www.yes24.com/Product/Goods/1426190,샬롯 브론테 저 , 민음사 , 2004년 10월,샬롯 브론테
크눌프,헤르만 헤세 저 | 민음사 | 2004년 11월,http://www.yes24.com/Product/Goods/1440642,헤르만 헤세 저 , 민음사 , 2004년 11월,헤르만 헤세
시계태엽 오렌지 [ 개정증보판 ],앤서니 버지스 저/박시영 역 | 민음사 | 2022년 04월,http://www.yes24.com/Product/Goods/1447952,앤서니 버지스 저/박시영 역 , 민음사 , 2022년 04월,앤서니 버지스
파리의 노트르담 1,빅토르 위고 저 | 민음사 | 2005년 02월,http://www.yes24.com/Product/Goods/1461266,빅토르 위고 저 , 민음사 , 2005년 02월,빅토르 위고
파리의 노트르담 2,빅토르 위고 저 | 민음사 | 2005년 02월,http://www.yes24.com/Product/Goods/1461268,빅토르 위고 저 , 민음사 , 2005년 02월,빅토르 위고
새로운 인생,단테 저 / 단테 가브리엘 로세티 편역 / 박우수 역 | 민음사 | 2005년 02월,http://www.yes24.com/Product/Goods/1463520,단테 저 / 단테 가브리엘 로세티 편역 / 박우수 역 , 민음사 , 2005년 02월,단테
로드 짐 1,조셉 콘래드 저 | 민음사 | 2005년 03월,http://www.yes24.com/Product/Goods/1469118,조셉 콘래드 저 , 민음사 , 2005년 03월,조셉 콘래드
로드 짐 2,조셉 콘래드 저 | 민음사 | 2005년 03월,http://www.yes24.com/Product/Goods/1469119,조셉 콘래드 저 , 민음사 , 2005년 03월,조셉 콘래드
폭풍의 언덕,에밀리 브론테 저 | 민음사 | 2005년 03월,http://www.yes24.com/Product/Goods/1470060,에밀리 브론테 저 , 민음사 , 2005년 03월,에밀리 브론테
텔크테에서의 만남,귄터 그라스 저/안삼환 역 | 민음사 | 2005년 03월,http://www.yes24.com/Product/Goods/1475912,귄터 그라스 저/안삼환 역 , 민음사 , 2005년 03월,귄터 그라스
인간의 굴레에서 2,윌리엄 서머싯 몸 저 | 민음사 | 1998년 09월,http://www.yes24.com/Product/Goods/17380,윌리엄 서머싯 몸 저 , 민음사 , 1998년 09월,윌리엄 서머싯 몸
검찰관,니꼴라이 고골 저 / 조주관 역 | 민음사 | 2005년 05월,http://www.yes24.com/Product/Goods/1499298,니꼴라이 고골 저 / 조주관 역 , 민음사 , 2005년 05월,니꼴라이 고골
안개,미겔 데 우나무노 저 | 민음사 | 2005년 06월,http://www.yes24.com/Product/Goods/1511041,미겔 데 우나무노 저 , 민음사 , 2005년 06월,미겔 데 우나무노
나사의 회전,헨리 제임스 저 | 민음사 | 2005년 07월,http://www.yes24.com/Product/Goods/1520610,헨리 제임스 저 , 민음사 , 2005년 07월,헨리 제임스
피츠제럴드 단편선 1,F. 스콧 피츠제럴드 저/김욱동 역 | 민음사 | 2005년 08월,http://www.yes24.com/Product/Goods/1773653,F. 스콧 피츠제럴드 저/김욱동 역 , 민음사 , 2005년 08월,F. 스콧 피츠제럴드
목화밭의 고독 속에서,베르나르마리 콜테스 저 / 임수현 역 | 민음사 | 2005년 09월,http://www.yes24.com/Product/Goods/1785733,베르나르마리 콜테스 저 / 임수현 역 , 민음사 , 2005년 09월,베르나르마리 콜테스
돼지꿈,황석영 저 | 민음사 | 2005년 10월,http://www.yes24.com/Product/Goods/1796158,황석영 저 , 민음사 , 2005년 10월,황석영
라셀라스,새뮤얼 존슨 저 / 이인규 역 | 민음사 | 2005년 10월,http://www.yes24.com/Product/Goods/1794977,새뮤얼 존슨 저 / 이인규 역 , 민음사 , 2005년 10월,새뮤얼 존슨
리어 왕,윌리엄 셰익스피어 저 / 최종철 역 | 민음사 | 2005년 11월,http://www.yes24.com/Product/Goods/1812860,윌리엄 셰익스피어 저 / 최종철 역 , 민음사 , 2005년 11월,윌리엄 셰익스피어
쿠오 바디스 1,헨릭 시엔키에비츠 저 | 민음사 | 2005년 12월,http://www.yes24.com/Product/Goods/1932556,헨릭 시엔키에비츠 저 , 민음사 , 2005년 12월,헨릭 시엔키에비츠
쿠오 바디스 2,헨릭 시엔키에비츠 저 | 민음사 | 2005년 12월,http://www.yes24.com/Product/Goods/1932559,헨릭 시엔키에비츠 저 , 민음사 , 2005년 12월,헨릭 시엔키에비츠
이반 데니소비치 수용소의 하루,알렉산드르 이자에비치 솔제니친 저 | 민음사 | 2000년 04월,http://www.yes24.com/Product/Goods/17377,알렉산드르 이자에비치 솔제니친 저 , 민음사 , 2000년 04월,알렉산드르 이자에비치 솔제니친
자기만의 방,버지니아 울프 저/이미애 역 | 민음사 | 2006년 01월,http://www.yes24.com/Product/Goods/1943891,버지니아 울프 저/이미애 역 , 민음사 , 2006년 01월,버지니아 울프
시르트의 바닷가,쥘리앙 그라크 저 / 송진석 역 | 민음사 | 2006년 02월,http://www.yes24.com/Product/Goods/1951898,쥘리앙 그라크 저 / 송진석 역 , 민음사 , 2006년 02월,쥘리앙 그라크
이성과 감성,제인 오스틴 저 / 윤지관 역 | 민음사 | 2006년 03월,http://www.yes24.com/Product/Goods/1978012,제인 오스틴 저 / 윤지관 역 , 민음사 , 2006년 03월,제인 오스틴
바덴바덴에서의 여름,이장욱 역 | 민음사 | 2006년 04월,http://www.yes24.com/Product/Goods/1988702,이장욱 역 , 민음사 , 2006년 04월,레오니드 치프킨
새로운 인생,오르한 파묵 저/이난아 역 | 민음사 | 2006년 11월,http://www.yes24.com/Product/Goods/2294955,오르한 파묵 저/이난아 역 , 민음사 , 2006년 11월,오르한 파묵
무지개 1,데이비드 허버트 로렌스 저 | 민음사 | 2006년 12월,http://www.yes24.com/Product/Goods/2312701,데이비드 허버트 로렌스 저 , 민음사 , 2006년 12월,데이비드 허버트 로렌스
무지개 2,데이비드 허버트 로렌스 저 | 민음사 | 2006년 12월,http://www.yes24.com/Product/Goods/2312702,데이비드 허버트 로렌스 저 , 민음사 , 2006년 12월,데이비드 허버트 로렌스
인생의 베일,윌리엄 서머싯 몸 저/황소연 역 | 민음사 | 2007년 02월,http://www.yes24.com/Product/Goods/2368940,윌리엄 서머싯 몸 저/황소연 역 , 민음사 , 2007년 02월,윌리엄 서머싯 몸
보이지 않는 도시들,이탈로 칼비노 저/이현경 역 | 민음사 | 2007년 02월,http://www.yes24.com/Product/Goods/2494911,이탈로 칼비노 저/이현경 역 , 민음사 , 2007년 02월,이탈로 칼비노
연초 도매상 1,존 바스 저/이운경 역 | 민음사 | 2007년 03월,http://www.yes24.com/Product/Goods/2505668,존 바스 저/이운경 역 , 민음사 , 2007년 03월,존 바스
나사니엘 호손 단편선,나다니엘 호손 저/천승걸 역 | 민음사 | 1998년 09월,http://www.yes24.com/Product/Goods/17344,나다니엘 호손 저/천승걸 역 , 민음사 , 1998년 09월,나다니엘 호손
연초 도매상 2,존 바스 저/이운경 역 | 민음사 | 2007년 03월,http://www.yes24.com/Product/Goods/2505669,존 바스 저/이운경 역 , 민음사 , 2007년 03월,존 바스
연초 도매상 3,존 바스 저/이운경 역 | 민음사 | 2007년 03월,http://www.yes24.com/Product/Goods/2505670,존 바스 저/이운경 역 , 민음사 , 2007년 03월,존 바스
플로스 강의 물방앗간 1,"조지 엘리엇 저 / 한애경,이봉지 공역 | 민음사 | 2007년 03월",http://www.yes24.com/Product/Goods/2509097,"조지 엘리엇 저 / 한애경,이봉지 공역 ", 민음사 , 2007년 03월,조지 엘리엇
플로스 강의 물방앗간 2,"조지 엘리엇 저 / 한애경,이봉지 공역 | 민음사 | 2007년 03월",http://www.yes24.com/Product/Goods/2509098,"조지 엘리엇 저 / 한애경,이봉지 공역 ", 민음사 , 2007년 03월,조지 엘리엇
연인,마르그리트 뒤라스 저/김인환 역 | 민음사 | 2007년 04월,http://www.yes24.com/Product/Goods/2546383,마르그리트 뒤라스 저/김인환 역 , 민음사 , 2007년 04월,마르그리트 뒤라스
이름 없는 주드 1,토마스 하디 저 | 민음사 | 2007년 05월,http://www.yes24.com/Product/Goods/2546006,토마스 하디 저 , 민음사 , 2007년 05월,토마스 하디
이름 없는 주드 2,토마스 하디 저 | 민음사 | 2007년 05월,http://www.yes24.com/Product/Goods/2546007,토마스 하디 저 , 민음사 , 2007년 05월,토마스 하디
제49호 품목의 경매,토머스 핀천 저 / 김성곤 역 | 민음사 | 2007년 06월,http://www.yes24.com/Product/Goods/2634250,토머스 핀천 저 / 김성곤 역 , 민음사 , 2007년 06월,토머스 핀천
성역,윌리엄 포크너 저 / 이진준 역 | 민음사 | 2007년 07월,http://www.yes24.com/Product/Goods/2658160,윌리엄 포크너 저 / 이진준 역 , 민음사 , 2007년 07월,윌리엄 포크너
무진기행 김승옥 소설집,김승옥 저 | 민음사 | 2007년 08월,http://www.yes24.com/Product/Goods/2661477,김승옥 저 , 민음사 , 2007년 08월,김승옥
나의 미카엘,아모스 오즈 저 | 민음사 | 1998년 09월,http://www.yes24.com/Product/Goods/17340,아모스 오즈 저 , 민음사 , 1998년 09월,아모스 오즈
신곡 지옥편,단테 저/박상진 역 | 민음사 | 2007년 08월,http://www.yes24.com/Product/Goods/2661490,단테 저/박상진 역 , 민음사 , 2007년 08월,단테
신곡 연옥편,단테 저/박상진 역 | 민음사 | 2007년 08월,http://www.yes24.com/Product/Goods/2661491,단테 저/박상진 역 , 민음사 , 2007년 08월,단테
신곡 천국편,단테 저/박상진 역 | 민음사 | 2007년 08월,http://www.yes24.com/Product/Goods/2661492,단테 저/박상진 역 , 민음사 , 2007년 08월,단테
구덩이,정보라 역 | 민음사 | 2007년 08월,http://www.yes24.com/Product/Goods/2663475,정보라 역 , 민음사 , 2007년 08월,안드레이 플라토노프
카라마조프가의 형제들 1,표도르 도스토예프스키 저/김연경 역 | 민음사 | 2007년 09월,http://www.yes24.com/Product/Goods/2710341,표도르 도스토예프스키 저/김연경 역 , 민음사 , 2007년 09월,표도르 도스토예프스키
카라마조프가의 형제들 2,표도르 도스토예프스키 저/김연경 역 | 민음사 | 2007년 09월,http://www.yes24.com/Product/Goods/2710340,표도르 도스토예프스키 저/김연경 역 , 민음사 , 2007년 09월,표도르 도스토예프스키
카라마조프가의 형제들 3,표도르 도스토예프스키 저/김연경 역 | 민음사 | 2007년 09월,http://www.yes24.com/Product/Goods/2710337,표도르 도스토예프스키 저/김연경 역 , 민음사 , 2007년 09월,표도르 도스토예프스키
지상의 양식,앙드레 지드 저/김화영 역 | 민음사 | 2007년 10월,http://www.yes24.com/Product/Goods/2719175,앙드레 지드 저/김화영 역 , 민음사 , 2007년 10월,앙드레 지드
밤의 군대들,노먼 킹슬리 메일러 저 | 민음사 | 2007년 09월,http://www.yes24.com/Product/Goods/2717443,노먼 킹슬리 메일러 저 , 민음사 , 2007년 09월,노먼 킹슬리 메일러
주홍 글자,나다니엘 호손 저/김욱동 역 | 민음사 | 2007년 10월,http://www.yes24.com/Product/Goods/2743025,나다니엘 호손 저/김욱동 역 , 민음사 , 2007년 10월,나다니엘 호손
중국신화전설 1,김선자 역 | 민음사 | 1999년 02월,http://www.yes24.com/Product/Goods/1270,김선자 역 , 민음사 , 1999년 02월,
깊은 강,엔도 슈사쿠 저/유숙자 역 | 민음사 | 2007년 10월,http://www.yes24.com/Product/Goods/2750328,엔도 슈사쿠 저/유숙자 역 , 민음사 , 2007년 10월,엔도 슈사쿠
욕망이라는 이름의 전차,테네시 윌리엄스 저/김소임 역 | 민음사 | 2007년 11월,http://www.yes24.com/Product/Goods/2767451,테네시 윌리엄스 저/김소임 역 , 민음사 , 2007년 11월,테네시 윌리엄스
마사 퀘스트,도리스 레싱 저/나영균 역 | 민음사 | 2007년 12월,http://www.yes24.com/Product/Goods/2784138,도리스 레싱 저/나영균 역 , 민음사 , 2007년 12월,도리스 레싱
운명의 딸 1 [ 개정판 ],이사벨 아옌데 저/권미선 역 | 민음사 | 2007년 12월,http://www.yes24.com/Product/Goods/2795671,이사벨 아옌데 저/권미선 역 , 민음사 , 2007년 12월,이사벨 아옌데
운명의 딸 2 [ 개정판 ],이사벨 아옌데 저/권미선 역 | 민음사 | 2007년 12월,http://www.yes24.com/Product/Goods/2795672,이사벨 아옌데 저/권미선 역 , 민음사 , 2007년 12월,이사벨 아옌데
모렐의 발명,아돌포 비오이 카사레스 저/송병선 역 | 민음사 | 2008년 01월,http://www.yes24.com/Product/Goods/2813500,아돌포 비오이 카사레스 저/송병선 역 , 민음사 , 2008년 01월,아돌포 비오이 카사레스
삼국유사,일연 저/김원중 역 | 민음사 | 2008년 01월,http://www.yes24.com/Product/Goods/2803937,일연 저/김원중 역 , 민음사 , 2008년 01월,일연
풀잎은 노래한다,도리스 레싱 저/이태동 역 | 민음사 | 2008년 01월,http://www.yes24.com/Product/Goods/2807595,도리스 레싱 저/이태동 역 , 민음사 , 2008년 01월,도리스 레싱
파리의 우울 [ 개정판 ],샤를 피에르 보들레르 저 / 윤영애 역 | 민음사 | 2008년 01월,http://www.yes24.com/Product/Goods/2821151,샤를 피에르 보들레르 저 / 윤영애 역 , 민음사 , 2008년 01월,샤를 피에르 보들레르
포스트맨은 벨을 두 번 울린다,제임스 M. 케인 저 | 민음사 | 2007년 12월,http://www.yes24.com/Product/Goods/2825184,제임스 M. 케인 저 , 민음사 , 2007년 12월,제임스 M. 케인
중국신화전설 2,김선자 역 | 민음사 | 1999년 02월,http://www.yes24.com/Product/Goods/1271,김선자 역 , 민음사 , 1999년 02월,
썩은 잎,가브리엘 가르시아 마르케스 저/송병선 역 | 민음사 | 2016년 12월,http://www.yes24.com/Product/Goods/35084734,가브리엘 가르시아 마르케스 저/송병선 역 , 민음사 , 2016년 12월,가브리엘 가르시아 마르케스
오늘을 잡아라,솔 벨로 저 | 민음사 | 2008년 02월,http://www.yes24.com/Product/Goods/2849108,솔 벨로 저 , 민음사 , 2008년 02월,솔 벨로
모든 것이 산산이 부서지다,치누아 아체베 저 / 조규형 역 | 민음사 | 2008년 02월,http://www.yes24.com/Product/Goods/2844076,치누아 아체베 저 / 조규형 역 , 민음사 , 2008년 02월,치누아 아체베
한여름밤의 꿈,윌리엄 셰익스피어 저 | 민음사 | 2008년 02월,http://www.yes24.com/Product/Goods/2863517,윌리엄 셰익스피어 저 , 민음사 , 2008년 02월,윌리엄 셰익스피어
로미오와 줄리엣 민음사 세계문학전집 173,윌리엄 셰익스피어 저 | 민음사 | 2008년 02월,http://www.yes24.com/Product/Goods/2869777,윌리엄 셰익스피어 저 , 민음사 , 2008년 02월,윌리엄 셰익스피어
분노의 포도 1,존 스타인벡 저/김승욱 역 | 민음사 | 2008년 03월,http://www.yes24.com/Product/Goods/2882896,존 스타인벡 저/김승욱 역 , 민음사 , 2008년 03월,존 스타인벡
분노의 포도 2,존 스타인벡 저/김승욱 역 | 민음사 | 2008년 03월,http://www.yes24.com/Product/Goods/2882897,존 스타인벡 저/김승욱 역 , 민음사 , 2008년 03월,존 스타인벡
괴테와의 대화 1,장희창 역 | 민음사 | 2008년 05월,http://www.yes24.com/Product/Goods/2944911,장희창 역 , 민음사 , 2008년 05월,요한 페터 에커만
괴테와의 대화 2,장희창 역 | 민음사 | 2008년 05월,http://www.yes24.com/Product/Goods/2944919,장희창 역 , 민음사 , 2008년 05월,요한 페터 에커만
그물을 헤치고,아이리스 머독 저 | 민음사 | 2008년 05월,http://www.yes24.com/Product/Goods/2950682,아이리스 머독 저 , 민음사 , 2008년 05월,아이리스 머독
브람스를 좋아하세요...,프랑수아즈 사강 저/김남주 역 | 민음사 | 2008년 05월,http://www.yes24.com/Product/Goods/2950700,프랑수아즈 사강 저/김남주 역 , 민음사 , 2008년 05월,프랑수아즈 사강
고리오 영감,오노레 드 발자크 저 | 민음사 | 2000년 11월,http://www.yes24.com/Product/Goods/1272,오노레 드 발자크 저 , 민음사 , 2000년 11월,오노레 드 발자크
카타리나 블룸의 잃어버린 명예,하인리히 뵐 저 | 민음사 | 2008년 05월,http://www.yes24.com/Product/Goods/2969695,하인리히 뵐 저 , 민음사 , 2008년 05월,하인리히 뵐
에덴의 동쪽 1,존 스타인벡 저/정회성 역 | 민음사 | 2008년 06월,http://www.yes24.com/Product/Goods/3016164,존 스타인벡 저/정회성 역 , 민음사 , 2008년 06월,존 스타인벡
에덴의 동쪽 2,존 스타인벡 저/정회성 역 | 민음사 | 2008년 06월,http://www.yes24.com/Product/Goods/3016165,존 스타인벡 저/정회성 역 , 민음사 , 2008년 06월,존 스타인벡
순수의 시대,이디스 워튼 저 | 민음사 | 2008년 07월,http://www.yes24.com/Product/Goods/3029625,이디스 워튼 저 , 민음사 , 2008년 07월,이디스 워튼
도둑 일기,장 주네 저 | 민음사 | 2008년 08월,http://www.yes24.com/Product/Goods/3058601,장 주네 저 , 민음사 , 2008년 08월,장 주네
나자,앙드레 브르통 저/오생근 역 | 민음사 | 2008년 09월,http://www.yes24.com/Product/Goods/3058365,앙드레 브르통 저/오생근 역 , 민음사 , 2008년 09월,앙드레 브르통
캐치-22 1,조지프 헬러 저/안정효 역 | 민음사 | 2021년 11월,http://www.yes24.com/Product/Goods/3058371,조지프 헬러 저/안정효 역 , 민음사 , 2021년 11월,조지프 헬러
캐치-22 2,조지프 헬러 저/안정효 역 | 민음사 | 2008년 08월,http://www.yes24.com/Product/Goods/3058375,조지프 헬러 저/안정효 역 , 민음사 , 2008년 08월,조지프 헬러
숄로호프 단편선,미하일 숄로호프 저 | 민음사 | 2008년 08월,http://www.yes24.com/Product/Goods/3067523,미하일 숄로호프 저 , 민음사 , 2008년 08월,미하일 숄로호프
말,장 폴 사르트르 저 | 민음사 | 2008년 10월,http://www.yes24.com/Product/Goods/3105048,장 폴 사르트르 저 , 민음사 , 2008년 10월,장 폴 사르트르
파리대왕,윌리엄 골딩 저 | 민음사 | 1999년 02월,http://www.yes24.com/Product/Goods/17396,윌리엄 골딩 저 , 민음사 , 1999년 02월,윌리엄 골딩
보이지 않는 인간 1,랠프 엘리슨 저 | 민음사 | 2008년 11월,http://www.yes24.com/Product/Goods/3127085,랠프 엘리슨 저 , 민음사 , 2008년 11월,랠프 엘리슨
보이지 않는 인간 2,랠프 엘리슨 저 | 민음사 | 2008년 11월,http://www.yes24.com/Product/Goods/3127088,랠프 엘리슨 저 , 민음사 , 2008년 11월,랠프 엘리슨
왑샷 가문 연대기,존 치버 저/김승욱 역 | 민음사 | 2008년 12월,http://www.yes24.com/Product/Goods/3210032,존 치버 저/김승욱 역 , 민음사 , 2008년 12월,존 치버
왑샷 가문 몰락기,존 치버 저/김승욱 역 | 민음사 | 2008년 12월,http://www.yes24.com/Product/Goods/3210045,존 치버 저/김승욱 역 , 민음사 , 2008년 12월,존 치버
필립과 다른 사람들,세스 노터봄 저 | 민음사 | 2008년 11월,http://www.yes24.com/Product/Goods/3214142,세스 노터봄 저 , 민음사 , 2008년 11월,세스 노터봄
하드리아누스 황제의 회상록 1,마르그리트 유르스나르 저 | 민음사 | 2008년 12월,http://www.yes24.com/Product/Goods/3238394,마르그리트 유르스나르 저 , 민음사 , 2008년 12월,마르그리트 유르스나르
하드리아누스 황제의 회상록 2,마르그리트 유르스나르 저 | 민음사 | 2008년 12월,http://www.yes24.com/Product/Goods/3238414,마르그리트 유르스나르 저 , 민음사 , 2008년 12월,마르그리트 유르스나르
소피의 선택 1,윌리엄 스타이런 저 | 민음사 | 2008년 12월,http://www.yes24.com/Product/Goods/3246449,윌리엄 스타이런 저 , 민음사 , 2008년 12월,윌리엄 스타이런
소피의 선택 2,윌리엄 스타이런 저 | 민음사 | 2008년 12월,http://www.yes24.com/Product/Goods/3246452,윌리엄 스타이런 저 , 민음사 , 2008년 12월,윌리엄 스타이런
피츠제럴드 단편선 2 벤자민 버튼의 기이한 사건 수록,F. 스콧 피츠제럴드 저/한은경 역 | 민음사 | 2009년 01월,http://www.yes24.com/Product/Goods/3259726,F. 스콧 피츠제럴드 저/한은경 역 , 민음사 , 2009년 01월,F. 스콧 피츠제럴드
변신이야기 2,오비디우스 저/이윤기 역 | 민음사 | 1998년 08월,http://www.yes24.com/Product/Goods/17361,오비디우스 저/이윤기 역 , 민음사 , 1998년 08월,오비디우스
한국단편문학선 2,김동인 등저 | 민음사 | 1999년 03월,http://www.yes24.com/Product/Goods/57204,김동인 등저 , 민음사 , 1999년 03월,
홍길동전,허균 저/김탁환 역 | 민음사 | 2009년 01월,http://www.yes24.com/Product/Goods/3262424,허균 저/김탁환 역 , 민음사 , 2009년 01월,허균
요술 부지깽이,로버트 쿠버 저 | 민음사 | 2009년 03월,http://www.yes24.com/Product/Goods/3316328,로버트 쿠버 저 , 민음사 , 2009년 03월,로버트 쿠버
북호텔,외젠 다비 저/원윤수 역 | 민음사 | 2009년 03월,http://www.yes24.com/Product/Goods/3316323,외젠 다비 저/원윤수 역 , 민음사 , 2009년 03월,외젠 다비
톰 소여의 모험,마크 트웨인 저 | 민음사 | 2009년 03월,http://www.yes24.com/Product/Goods/3342502,마크 트웨인 저 , 민음사 , 2009년 03월,마크 트웨인
금오신화,김시습 저 | 민음사 | 2009년 04월,http://www.yes24.com/Product/Goods/3378955,김시습 저 , 민음사 , 2009년 04월,김시습
테스 1 순수한 여인,토마스 하디 저 | 민음사 | 2009년 04월,http://www.yes24.com/Product/Goods/3378917,토마스 하디 저 , 민음사 , 2009년 04월,토마스 하디
테스 2 순수한 여인,토마스 하디 저 | 민음사 | 2009년 04월,http://www.yes24.com/Product/Goods/3378938,토마스 하디 저 , 민음사 , 2009년 04월,토마스 하디
브루스터플레이스의 여자들,글로리아 네일러 저 / 이소영 역 | 민음사 | 2009년 04월,http://www.yes24.com/Product/Goods/3387598,글로리아 네일러 저 / 이소영 역 , 민음사 , 2009년 04월,글로리아 네일러
더 이상 평안은 없다,치누아 아체베 저 / 이소영 역 / 브루스 오노브락체야 그림 | 민음사 | 2009년 04월,http://www.yes24.com/Product/Goods/3402778,치누아 아체베 저 / 이소영 역 / 브루스 오노브락체야 그림 , 민음사 , 2009년 04월,치누아 아체베
그레인지 코플랜드의 세 번째 인생,앨리스 워커 저 / 김시현 역 | 민음사 | 2009년 05월,http://www.yes24.com/Product/Goods/3410178,앨리스 워커 저 / 김시현 역 , 민음사 , 2009년 05월,앨리스 워커
파우스트 1,요한 볼프강 폰 괴테 저 | 민음사 | 1999년 03월,http://www.yes24.com/Product/Goods/2548,요한 볼프강 폰 괴테 저 , 민음사 , 1999년 03월,요한 볼프강 폰 괴테
어느 시골 신부의 일기,조르주 베르나노스 저 | 민음사 | 2009년 06월,http://www.yes24.com/Product/Goods/3422591,조르주 베르나노스 저 , 민음사 , 2009년 06월,조르주 베르나노스
타라스 불바,니콜라이 고골 저 | 민음사 | 2009년 06월,http://www.yes24.com/Product/Goods/3441589,니콜라이 고골 저 , 민음사 , 2009년 06월,니콜라이 고골
위대한 유산 1,찰스 디킨스 저 | 민음사 | 2009년 06월,http://www.yes24.com/Product/Goods/3452419,찰스 디킨스 저 , 민음사 , 2009년 06월,찰스 디킨스
위대한 유산 2,찰스 디킨스 저 | 민음사 | 2009년 06월,http://www.yes24.com/Product/Goods/3452423,찰스 디킨스 저 , 민음사 , 2009년 06월,찰스 디킨스
면도날,윌리엄 서머싯 몸 저/안진환 역 | 민음사 | 2009년 06월,http://www.yes24.com/Product/Goods/3452430,윌리엄 서머싯 몸 저/안진환 역 , 민음사 , 2009년 06월,윌리엄 서머싯 몸
성채 1,A.J. 크로닌 저 | 민음사 | 2009년 07월,http://www.yes24.com/Product/Goods/3486015,A.J. 크로닌 저 , 민음사 , 2009년 07월,A.J. 크로닌
성채 2,A.J. 크로닌 저 | 민음사 | 2009년 07월,http://www.yes24.com/Product/Goods/3486018,A.J. 크로닌 저 , 민음사 , 2009년 07월,A.J. 크로닌
오이디푸스 왕,소포클레스 저/강대진 역 | 민음사 | 2009년 08월,http://www.yes24.com/Product/Goods/3512245,소포클레스 저/강대진 역 , 민음사 , 2009년 08월,소포클레스
세일즈맨의 죽음,아서 밀러 저 | 민음사 | 2009년 08월,http://www.yes24.com/Product/Goods/3523842,아서 밀러 저 , 민음사 , 2009년 08월,아서 밀러
안나 카레니나 1,레프 톨스토이 저 | 민음사 | 2009년 09월,http://www.yes24.com/Product/Goods/3530515,레프 톨스토이 저 , 민음사 , 2009년 09월,레프 톨스토이
파우스트 2,요한 볼프강 폰 괴테 저 | 민음사 | 1999년 03월,http://www.yes24.com/Product/Goods/2549,요한 볼프강 폰 괴테 저 , 민음사 , 1999년 03월,요한 볼프강 폰 괴테
안나 카레니나 2,레프 톨스토이 저 | 민음사 | 2009년 09월,http://www.yes24.com/Product/Goods/3530518,레프 톨스토이 저 , 민음사 , 2009년 09월,레프 톨스토이
안나 카레니나 3,레프 톨스토이 저 | 민음사 | 2009년 09월,http://www.yes24.com/Product/Goods/3530521,레프 톨스토이 저 , 민음사 , 2009년 09월,레프 톨스토이
오스카 와일드 작품선,오스카 와일드 저/정영목 역 | 민음사 | 2009년 09월,http://www.yes24.com/Product/Goods/3542506,오스카 와일드 저/정영목 역 , 민음사 , 2009년 09월,오스카 와일드
벨아미,기 드 모파상 저 | 민음사 | 2009년 09월,http://www.yes24.com/Product/Goods/3546850,기 드 모파상 저 , 민음사 , 2009년 09월,기 드 모파상
파스쿠알 두아르테 가족,카밀로 호세 셀라 저/정동섭 역 | 민음사 | 2009년 10월,http://www.yes24.com/Product/Goods/3572713,카밀로 호세 셀라 저/정동섭 역 , 민음사 , 2009년 10월,카밀로 호세 셀라
시칠리아에서의 대화,엘리오 비토리니 저 / 김운찬 역 | 민음사 | 2009년 10월,http://www.yes24.com/Product/Goods/3572715,엘리오 비토리니 저 / 김운찬 역 , 민음사 , 2009년 10월,엘리오 비토리니
길 위에서 1,잭 케루악 저 | 민음사 | 2009년 10월,http://www.yes24.com/Product/Goods/3595740,잭 케루악 저 , 민음사 , 2009년 10월,잭 케루악
길 위에서 2,잭 케루악 저 | 민음사 | 2009년 10월,http://www.yes24.com/Product/Goods/3595741,잭 케루악 저 , 민음사 , 2009년 10월,잭 케루악
우리 시대의 영웅,미하일 레르몬토프 저/오정미 역 | 민음사 | 2009년 10월,http://www.yes24.com/Product/Goods/3595746,미하일 레르몬토프 저/오정미 역 , 민음사 , 2009년 10월,미하일 레르몬토프
아우라,카를로스 푸엔테스 저 | 민음사 | 2009년 11월,http://www.yes24.com/Product/Goods/3616290,카를로스 푸엔테스 저 , 민음사 , 2009년 11월,카를로스 푸엔테스
빌헬름 마이스터의 수업시대 1,요한 볼프강 폰 괴테 저/안삼환 역 | 민음사 | 1999년 03월,http://www.yes24.com/Product/Goods/17367,요한 볼프강 폰 괴테 저/안삼환 역 , 민음사 , 1999년 03월,요한 볼프강 폰 괴테
클링조어의 마지막 여름,헤르만 헤세 저/황승환 역 | 민음사 | 2009년 11월,http://www.yes24.com/Product/Goods/3619028,헤르만 헤세 저/황승환 역 , 민음사 , 2009년 11월,헤르만 헤세
리스본의 겨울,안토니오 무뇨스 몰리나 저 | 민음사 | 2009년 08월,http://www.yes24.com/Product/Goods/3624948,안토니오 무뇨스 몰리나 저 , 민음사 , 2009년 08월,안토니오 무뇨스 몰리나
뻐꾸기 둥지 위로 날아간 새,켄 키지 저 | 민음사 | 2009년 12월,http://www.yes24.com/Product/Goods/3635840,켄 키지 저 , 민음사 , 2009년 12월,켄 키지
페널티킥 앞에 선 골키퍼의 불안 2019 노벨문학상 수상작가,페터 한트케 저/윤용호 역 | 민음사 | 2009년 12월,http://www.yes24.com/Product/Goods/3645184,페터 한트케 저/윤용호 역 , 민음사 , 2009년 12월,페터 한트케
참을 수 없는 존재의 가벼움,밀란 쿤데라 저/이재룡 역 | 민음사 | 2009년 12월,http://www.yes24.com/Product/Goods/3657268,밀란 쿤데라 저/이재룡 역 , 민음사 , 2009년 12월,밀란 쿤데라
"바다여, 바다여 1",아이리스 머독 저 | 민음사 | 2009년 12월,http://www.yes24.com/Product/Goods/3663356,아이리스 머독 저 , 민음사 , 2009년 12월,아이리스 머독
"바다여, 바다여 2",아이리스 머독 저 | 민음사 | 2009년 12월,http://www.yes24.com/Product/Goods/3663361,아이리스 머독 저 , 민음사 , 2009년 12월,아이리스 머독
한 줌의 먼지,에벌린 워 저/안진환 역 | 민음사 | 2010년 01월,http://www.yes24.com/Product/Goods/3679625,에벌린 워 저/안진환 역 , 민음사 , 2010년 01월,에벌린 워
뜨거운 양철 지붕 위의 고양이 / 유리 동물원,테네시 윌리엄스 저/김소임 역 | 민음사 | 2010년 01월,http://www.yes24.com/Product/Goods/3688941,테네시 윌리엄스 저/김소임 역 , 민음사 , 2010년 01월,테네시 윌리엄스
지하로부터의 수기,표도르 도스토예프스키 저/김연경 역 | 민음사 | 2010년 02월,http://www.yes24.com/Product/Goods/3729147,표도르 도스토예프스키 저/김연경 역 , 민음사 , 2010년 02월,표도르 도스토예프스키
빌헬름 마이스터의 수업시대 2,요한 볼프강 폰 괴테 저/안삼환 역 | 민음사 | 1999년 03월,http://www.yes24.com/Product/Goods/17369,요한 볼프강 폰 괴테 저/안삼환 역 , 민음사 , 1999년 03월,요한 볼프강 폰 괴테
키메라,존 바스 저/이운경 역 | 민음사 | 2010년 01월,http://www.yes24.com/Product/Goods/3729142,존 바스 저/이운경 역 , 민음사 , 2010년 01월,존 바스
반쪼가리 자작 [ 제2판 ],이탈로 칼비노 저/이현경 역 | 민음사 | 2010년 02월,http://www.yes24.com/Product/Goods/3729414,이탈로 칼비노 저/이현경 역 , 민음사 , 2010년 02월,이탈로 칼비노
벌집,카밀로 호세 셀라 저/남진희 역 | 민음사 | 2010년 03월,http://www.yes24.com/Product/Goods/3753967,카밀로 호세 셀라 저/남진희 역 , 민음사 , 2010년 03월,카밀로 호세 셀라
불멸,밀란 쿤데라 저/김병욱 역 | 민음사 | 2010년 03월,http://www.yes24.com/Product/Goods/3765353,밀란 쿤데라 저/김병욱 역 , 민음사 , 2010년 03월,밀란 쿤데라
파우스트 박사 1 한 친구가 이야기하는 독일 작곡가 아드리안 레버퀸의 생애,토마스 만 저 | 민음사 | 2010년 04월,http://www.yes24.com/Product/Goods/3788479,토마스 만 저 , 민음사 , 2010년 04월,토마스 만
파우스트 박사 2 한 친구가 이야기하는 독일 작곡가 아드리안 레버퀸의 생애,토마스 만 저 | 민음사 | 2010년 04월,http://www.yes24.com/Product/Goods/3788484,토마스 만 저 , 민음사 , 2010년 04월,토마스 만
사랑할 때와 죽을 때,에리히 마리아 레마르크 저/장희창 역 | 민음사 | 2010년 04월,http://www.yes24.com/Product/Goods/3819356,에리히 마리아 레마르크 저/장희창 역 , 민음사 , 2010년 04월,에리히 마리아 레마르크
누가 버지니아 울프를 두려워하랴,에드워드 올비 저 / 강유나 역 | 민음사 | 2010년 05월,http://www.yes24.com/Product/Goods/3932131,에드워드 올비 저 / 강유나 역 , 민음사 , 2010년 05월,에드워드 올비
인형의 집,헨릭 입센 저 | 민음사 | 2010년 06월,http://www.yes24.com/Product/Goods/3984894,헨릭 입센 저 , 민음사 , 2010년 06월,헨릭 입센
위폐범들,앙드레 지드 저/원윤수 역 | 민음사 | 2010년 07월,http://www.yes24.com/Product/Goods/3984628,앙드레 지드 저/원윤수 역 , 민음사 , 2010년 07월,앙드레 지드
젊은 베르테르의 슬픔,요한 볼프강 폰 괴테 저 | 민음사 | 1999년 03월,http://www.yes24.com/Product/Goods/17386,요한 볼프강 폰 괴테 저 , 민음사 , 1999년 03월,요한 볼프강 폰 괴테
무정,이광수 저 | 민음사 | 2010년 07월,http://www.yes24.com/Product/Goods/3984935,이광수 저 , 민음사 , 2010년 07월,이광수
의지와 운명 1,카를로스 푸엔테스 저/김현철 역 | 민음사 | 2010년 07월,http://www.yes24.com/Product/Goods/4038612,카를로스 푸엔테스 저/김현철 역 , 민음사 , 2010년 07월,카를로스 푸엔테스
의지와 운명 2,카를로스 푸엔테스 저/김현철 역 | 민음사 | 2010년 07월,http://www.yes24.com/Product/Goods/4038618,카를로스 푸엔테스 저/김현철 역 , 민음사 , 2010년 07월,카를로스 푸엔테스
폭력적인 삶,이승수 역 | 민음사 | 2010년 07월,http://www.yes24.com/Product/Goods/4058418,이승수 역 , 민음사 , 2010년 07월,피에르 파올로 파솔리니
거장과 마르가리타,미하일 불가코프 저/정보라 역 | 민음사 | 2010년 09월,http://www.yes24.com/Product/Goods/4214879,미하일 불가코프 저/정보라 역 , 민음사 , 2010년 09월,미하일 불가코프
경이로운 도시 1,에두아르도 멘도사 저/김현철 역 | 민음사 | 2010년 10월,http://www.yes24.com/Product/Goods/4281887,에두아르도 멘도사 저/김현철 역 , 민음사 , 2010년 10월,에두아르도 멘도사
경이로운 도시 2,에두아르도 멘도사 저/김현철 역 | 민음사 | 2010년 10월,http://www.yes24.com/Product/Goods/4281896,에두아르도 멘도사 저/김현철 역 , 민음사 , 2010년 10월,에두아르도 멘도사
야콥을 둘러싼 추측들,우베 욘존 저 / 손대영 역 | 민음사 | 2010년 10월,http://www.yes24.com/Product/Goods/4345322,우베 욘존 저 / 손대영 역 , 민음사 , 2010년 10월,우베 욘존
왕자와 거지,마크 트웨인 저/김욱동 역 | 민음사 | 2010년 11월,http://www.yes24.com/Product/Goods/4393256,마크 트웨인 저/김욱동 역 , 민음사 , 2010년 11월,마크 트웨인
존재하지 않는 기사,이탈로 칼비노 저/이현경 역 | 민음사 | 2010년 11월,http://www.yes24.com/Product/Goods/4430687,이탈로 칼비노 저/이현경 역 , 민음사 , 2010년 11월,이탈로 칼비노
이피게니에.스텔라,요한 볼프강 폰 괴테 저 | 민음사 | 1999년 03월,http://www.yes24.com/Product/Goods/54297,요한 볼프강 폰 괴테 저 , 민음사 , 1999년 03월,요한 볼프강 폰 괴테
눈 먼 암살자 1,마거릿 애트우드 저/차은정 역 | 민음사 | 2010년 12월,http://www.yes24.com/Product/Goods/4510685,마거릿 애트우드 저/차은정 역 , 민음사 , 2010년 12월,마거릿 애트우드
눈 먼 암살자 2,마거릿 애트우드 저/차은정 역 | 민음사 | 2010년 12월,http://www.yes24.com/Product/Goods/4510687,마거릿 애트우드 저/차은정 역 , 민음사 , 2010년 12월,마거릿 애트우드
베니스의 상인,윌리엄 셰익스피어 저 | 민음사 | 2010년 12월,http://www.yes24.com/Product/Goods/4526651,윌리엄 셰익스피어 저 , 민음사 , 2010년 12월,윌리엄 셰익스피어
말리나,잉게보르크 바하만 저 | 민음사 | 2010년 11월,http://www.yes24.com/Product/Goods/4526434,잉게보르크 바하만 저 , 민음사 , 2010년 11월,잉게보르크 바하만
사볼타 사건의 진실,에두아르도 멘도사 저/권미선 역 | 민음사 | 2010년 12월,http://www.yes24.com/Product/Goods/4515349,에두아르도 멘도사 저/권미선 역 , 민음사 , 2010년 12월,에두아르도 멘도사
"뒤렌마트 희곡선 노부인의 방문, 물리학자들",프리드리히 뒤렌마트 저/김혜숙 역 | 민음사 | 2011년 02월,http://www.yes24.com/Product/Goods/4802837,프리드리히 뒤렌마트 저/김혜숙 역 , 민음사 , 2011년 02월,프리드리히 뒤렌마트
이방인,알베르 까뮈 저/김화영 역 | 민음사 | 2011년 03월,http://www.yes24.com/Product/Goods/4827613,알베르 까뮈 저/김화영 역 , 민음사 , 2011년 03월,알베르 까뮈
페스트,알베르 까뮈 저/김화영 역 | 민음사 | 2011년 03월,http://www.yes24.com/Product/Goods/4827619,알베르 까뮈 저/김화영 역 , 민음사 , 2011년 03월,알베르 까뮈
검은 튤립,알렉상드르 뒤마 저 | 민음사 | 2011년 04월,http://www.yes24.com/Product/Goods/5044108,알렉상드르 뒤마 저 , 민음사 , 2011년 04월,알렉상드르 뒤마
베를린 알렉산더 광장 1,알프레트 되블린 저/김재혁 역 | 민음사 | 2011년 05월,http://www.yes24.com/Product/Goods/5141547,알프레트 되블린 저/김재혁 역 , 민음사 , 2011년 05월,알프레트 되블린
다섯째 아이,도리스 레싱 저 | 민음사 | 1999년 06월,http://www.yes24.com/Product/Goods/56611,도리스 레싱 저 , 민음사 , 1999년 06월,도리스 레싱
베를린 알렉산더 광장 2,알프레트 되블린 저/김재혁 역 | 민음사 | 2011년 05월,http://www.yes24.com/Product/Goods/5141551,알프레트 되블린 저/김재혁 역 , 민음사 , 2011년 05월,알프레트 되블린
하얀 성,오르한 파묵 저/이난아 역 | 민음사 | 2011년 04월,http://www.yes24.com/Product/Goods/5179867,오르한 파묵 저/이난아 역 , 민음사 , 2011년 04월,오르한 파묵
푸슈킨 선집 희곡 서사시 편,알렉산드르 세르게예비치 푸쉬킨 저 | 민음사 | 2011년 06월,http://www.yes24.com/Product/Goods/5224413,알렉산드르 세르게예비치 푸쉬킨 저 , 민음사 , 2011년 06월,알렉산드르 세르게예비치 푸쉬킨
유리알 유희 1,헤르만 헤세 저 | 민음사 | 2011년 09월,http://www.yes24.com/Product/Goods/5819537,헤르만 헤세 저 , 민음사 , 2011년 09월,헤르만 헤세
유리알 유희 2,헤르만 헤세 저 | 민음사 | 2011년 09월,http://www.yes24.com/Product/Goods/5819538,헤르만 헤세 저 , 민음사 , 2011년 09월,헤르만 헤세
픽션들,호르헤 루이스 보르헤스 저/송병선 역 | 민음사 | 2011년 10월,http://www.yes24.com/Product/Goods/5894097,호르헤 루이스 보르헤스 저/송병선 역 , 민음사 , 2011년 10월,호르헤 루이스 보르헤스
신의 화살,치누아 아체베 저 / 이소영 역 | 민음사 | 2011년 09월,http://www.yes24.com/Product/Goods/5686725,치누아 아체베 저 / 이소영 역 , 민음사 , 2011년 09월,치누아 아체베
빌헬름 텔 / 간계와 사랑,프리드리히 폰 실러 저/홍성광 역 | 민음사 | 2011년 11월,http://www.yes24.com/Product/Goods/5987363,프리드리히 폰 실러 저/홍성광 역 , 민음사 , 2011년 11월,프리드리히 폰 실러
노인과 바다,어네스트 밀러 헤밍웨이 저/김욱동 역 | 민음사 | 2012년 01월,http://www.yes24.com/Product/Goods/6157159,어네스트 밀러 헤밍웨이 저/김욱동 역 , 민음사 , 2012년 01월,어네스트 밀러 헤밍웨이
무기여 잘 있어라,어네스트 밀러 헤밍웨이 저/김욱동 역 | 민음사 | 2012년 01월,http://www.yes24.com/Product/Goods/6157169,어네스트 밀러 헤밍웨이 저/김욱동 역 , 민음사 , 2012년 01월,어네스트 밀러 헤밍웨이
삶의 한가운데,루이제 린저 저 | 민음사 | 1999년 06월,http://www.yes24.com/Product/Goods/63681,루이제 린저 저 , 민음사 , 1999년 06월,루이제 린저
태양은 다시 떠오른다,어네스트 밀러 헤밍웨이 저/김욱동 역 | 민음사 | 2012년 01월,http://www.yes24.com/Product/Goods/6157163,어네스트 밀러 헤밍웨이 저/김욱동 역 , 민음사 , 2012년 01월,어네스트 밀러 헤밍웨이
알레프,호르헤 루이스 보르헤스 저/송병선 역 | 민음사 | 2012년 02월,http://www.yes24.com/Product/Goods/6405243,호르헤 루이스 보르헤스 저/송병선 역 , 민음사 , 2012년 02월,호르헤 루이스 보르헤스
일곱 박공의 집,나다니엘 호손 저 | 민음사 | 2012년 03월,http://www.yes24.com/Product/Goods/6685471,나다니엘 호손 저 , 민음사 , 2012년 03월,나다니엘 호손
에마,제인 오스틴 저 | 민음사 | 2012년 03월,http://www.yes24.com/Product/Goods/6659670,제인 오스틴 저 , 민음사 , 2012년 03월,제인 오스틴
죄와 벌 1,표도르 도스토예프스키 저/김연경 역 | 민음사 | 2012년 03월,http://www.yes24.com/Product/Goods/6712992,표도르 도스토예프스키 저/김연경 역 , 민음사 , 2012년 03월,표도르 도스토예프스키
죄와 벌 2,표도르 도스토예프스키 저/김연경 역 | 민음사 | 2012년 03월,http://www.yes24.com/Product/Goods/6713010,표도르 도스토예프스키 저/김연경 역 , 민음사 , 2012년 03월,표도르 도스토예프스키
시련,아서 밀러 저/최영 역 | 민음사 | 2012년 05월,http://www.yes24.com/Product/Goods/7157337,아서 밀러 저/최영 역 , 민음사 , 2012년 05월,아서 밀러
모두가 나의 아들,아서 밀러 저/최영 역 | 민음사 | 2012년 05월,http://www.yes24.com/Product/Goods/7157329,아서 밀러 저/최영 역 , 민음사 , 2012년 05월,아서 밀러
누구를 위하여 종은 울리나 1,어네스트 밀러 헤밍웨이 저/김욱동 역 | 민음사 | 2012년 05월,http://www.yes24.com/Product/Goods/7190291,어네스트 밀러 헤밍웨이 저/김욱동 역 , 민음사 , 2012년 05월,어네스트 밀러 헤밍웨이
누구를 위하여 종은 울리나 2,어네스트 밀러 헤밍웨이 저/김욱동 역 | 민음사 | 2012년 05월,http://www.yes24.com/Product/Goods/7190287,어네스트 밀러 헤밍웨이 저/김욱동 역 , 민음사 , 2012년 05월,어네스트 밀러 헤밍웨이
농담,밀란 쿤데라 저 | 민음사 | 1999년 06월,http://www.yes24.com/Product/Goods/57583,밀란 쿤데라 저 , 민음사 , 1999년 06월,밀란 쿤데라
구르브 연락 없다,에두아르도 멘도사 저/정창 역 | 민음사 | 2012년 06월,http://www.yes24.com/Product/Goods/7271673,에두아르도 멘도사 저/정창 역 , 민음사 , 2012년 06월,에두아르도 멘도사
데카메론 1,조반니 보카치오 저/박상진 역 | 민음사 | 2012년 09월,http://www.yes24.com/Product/Goods/7752808,조반니 보카치오 저/박상진 역 , 민음사 , 2012년 09월,조반니 보카치오
데카메론 2,조반니 보카치오 저/박상진 역 | 민음사 | 2012년 09월,http://www.yes24.com/Product/Goods/7752817,조반니 보카치오 저/박상진 역 , 민음사 , 2012년 09월,조반니 보카치오
데카메론 3,조반니 보카치오 저/박상진 역 | 민음사 | 2012년 09월,http://www.yes24.com/Product/Goods/7752826,조반니 보카치오 저/박상진 역 , 민음사 , 2012년 09월,조반니 보카치오
나누어진 하늘,크리스타 볼프 저/전영애 역 | 민음사 | 2012년 09월,http://www.yes24.com/Product/Goods/7557560,크리스타 볼프 저/전영애 역 , 민음사 , 2012년 09월,크리스타 볼프
제브데트 씨와 아들들 1,오르한 파묵 저 / 이난아 역 | 민음사 | 2012년 09월,http://www.yes24.com/Product/Goods/7568428,오르한 파묵 저 / 이난아 역 , 민음사 , 2012년 09월,오르한 파묵
제브데트 씨와 아들들 2,오르한 파묵 저 / 이난아 역 | 민음사 | 2012년 09월,http://www.yes24.com/Product/Goods/7568430,오르한 파묵 저 / 이난아 역 , 민음사 , 2012년 09월,오르한 파묵
여인의 초상 1,헨리 제임스 저 | 민음사 | 2012년 10월,http://www.yes24.com/Product/Goods/7947811,헨리 제임스 저 , 민음사 , 2012년 10월,헨리 제임스
여인의 초상 2,헨리 제임스 저 | 민음사 | 2012년 10월,http://www.yes24.com/Product/Goods/7947812,헨리 제임스 저 , 민음사 , 2012년 10월,헨리 제임스
"압살롬, 압살롬!",윌리엄 포크너 저 | 민음사 | 2012년 10월,http://www.yes24.com/Product/Goods/7959804,윌리엄 포크너 저 , 민음사 , 2012년 10월,윌리엄 포크너
햄릿,윌리엄 셰익스피어 저/최종철 역 | 민음사 | 2001년 02월,http://www.yes24.com/Product/Goods/57197,윌리엄 셰익스피어 저/최종철 역 , 민음사 , 2001년 02월,윌리엄 셰익스피어
야성의 부름,잭 런던 저 | 민음사 | 2010년 10월,http://www.yes24.com/Product/Goods/4376788,잭 런던 저 , 민음사 , 2010년 10월,잭 런던
롤리타,블라디미르 나보코프 저 | 민음사 | 2000년 11월,http://www.yes24.com/Product/Goods/56159,블라디미르 나보코프 저 , 민음사 , 2000년 11월,블라디미르 나보코프
이상 소설 전집,이상 저 | 민음사 | 2012년 11월,http://www.yes24.com/Product/Goods/7914688,이상 저 , 민음사 , 2012년 11월,이상
레 미제라블 1,빅토르 위고 저 | 민음사 | 2012년 11월,http://www.yes24.com/Product/Goods/7929047,빅토르 위고 저 , 민음사 , 2012년 11월,빅토르 위고
레 미제라블 2,빅토르 위고 저 | 민음사 | 2012년 11월,http://www.yes24.com/Product/Goods/7929048,빅토르 위고 저 , 민음사 , 2012년 11월,빅토르 위고
레 미제라블 3,빅토르 위고 저 | 민음사 | 2012년 11월,http://www.yes24.com/Product/Goods/7929051,빅토르 위고 저 , 민음사 , 2012년 11월,빅토르 위고
레 미제라블 4,빅토르 위고 저 | 민음사 | 2012년 11월,http://www.yes24.com/Product/Goods/7929053,빅토르 위고 저 , 민음사 , 2012년 11월,빅토르 위고
레 미제라블 5,빅토르 위고 저 | 민음사 | 2012년 11월,http://www.yes24.com/Product/Goods/7929057,빅토르 위고 저 , 민음사 , 2012년 11월,빅토르 위고
관객모독 2019 노벨문학상 수상작가,페터 한트케 저/윤용호 역 | 민음사 | 2012년 11월,http://www.yes24.com/Product/Goods/8117617,페터 한트케 저/윤용호 역 , 민음사 , 2012년 11월,페터 한트케
더블린 사람들,제임스 조이스 저 | 민음사 | 2012년 12월,http://www.yes24.com/Product/Goods/8235466,제임스 조이스 저 , 민음사 , 2012년 12월,제임스 조이스
에드거 앨런 포 단편선,에드가 앨런 포 저 | 민음사 | 2013년 02월,http://www.yes24.com/Product/Goods/8454107,에드가 앨런 포 저 , 민음사 , 2013년 02월,에드가 앨런 포
보이체크·당통의 죽음,게오르크 뷔히너 저 / 홍성광 역 | 민음사 | 2013년 02월,http://www.yes24.com/Product/Goods/8454063,게오르크 뷔히너 저 / 홍성광 역 , 민음사 , 2013년 02월,게오르크 뷔히너
아메리칸,헨리 제임스 저 | 민음사 | 1999년 06월,http://www.yes24.com/Product/Goods/62058,헨리 제임스 저 , 민음사 , 1999년 06월,헨리 제임스
노르웨이의 숲,무라카미 하루키 저/양억관 역 | 민음사 | 2013년 09월,http://www.yes24.com/Product/Goods/9397881,무라카미 하루키 저/양억관 역 , 민음사 , 2013년 09월,무라카미 하루키
운명론자 자크와 그의 주인,드니 디드로 저/김희영 역 | 민음사 | 2013년 09월,http://www.yes24.com/Product/Goods/11041274,드니 디드로 저/김희영 역 , 민음사 , 2013년 09월,드니 디드로
헤밍웨이 단편선 1,어네스트 밀러 헤밍웨이 저/김욱동 역 | 민음사 | 2013년 10월,http://www.yes24.com/Product/Goods/11247978,어네스트 밀러 헤밍웨이 저/김욱동 역 , 민음사 , 2013년 10월,어네스트 밀러 헤밍웨이
헤밍웨이 단편선 2,어네스트 밀러 헤밍웨이 저/김욱동 역 | 민음사 | 2013년 10월,http://www.yes24.com/Product/Goods/11247981,어네스트 밀러 헤밍웨이 저/김욱동 역 , 민음사 , 2013년 10월,어네스트 밀러 헤밍웨이
피라미드,윌리엄 골딩 저 | 민음사 | 2013년 10월,http://www.yes24.com/Product/Goods/11155136,윌리엄 골딩 저 , 민음사 , 2013년 10월,윌리엄 골딩
닫힌 방 · 악마와 선한 신,장 폴 사르트르 저 | 민음사 | 2013년 10월,http://www.yes24.com/Product/Goods/11274635,장 폴 사르트르 저 , 민음사 , 2013년 10월,장 폴 사르트르
등대로,버지니아 울프 저/이미애 역 | 민음사 | 2014년 02월,http://www.yes24.com/Product/Goods/12081423,버지니아 울프 저/이미애 역 , 민음사 , 2014년 02월,버지니아 울프
한국 희곡선 1,"송영,허규 등저 / 양승국 편 | 민음사 | 2014년 02월",http://www.yes24.com/Product/Goods/12191539,"송영,허규 등저 / 양승국 편 ", 민음사 , 2014년 02월,"송영, 유치진, 임선규, 함세덕, 오영진, 차범석, 이근삼, 박조열"
한국 희곡선 2,"송영,허규 등저 / 양승국 편 | 민음사 | 2014년 02월",http://www.yes24.com/Product/Goods/12191542,"송영,허규 등저 / 양승국 편 ", 민음사 , 2014년 02월,"허규, 이현화, 오태석, 정복근, 이윤택, 김광림, 이만희, 이강백"
여자의 일생,기 드 모파상 저 | 민음사 | 2014년 03월,http://www.yes24.com/Product/Goods/12485596,기 드 모파상 저 , 민음사 , 2014년 03월,기 드 모파상
양철북 1 1999년 노벨문학상 수상작,귄터 그라스 저/장희창 역 | 민음사 | 1999년 10월,http://www.yes24.com/Product/Goods/67515,귄터 그라스 저/장희창 역 , 민음사 , 1999년 10월,귄터 그라스
의식,세스 노터봄 저 | 민음사 | 2014년 05월,http://www.yes24.com/Product/Goods/13144087,세스 노터봄 저 , 민음사 , 2014년 05월,세스 노터봄
육체의 악마,레몽 라디게 저/원윤수 역 | 민음사 | 2014년 05월,http://www.yes24.com/Product/Goods/13215682,레몽 라디게 저/원윤수 역 , 민음사 , 2014년 05월,레몽 라디게
감정 교육 1,구스타브 플로베르 저 | 민음사 | 2014년 07월,http://www.yes24.com/Product/Goods/13987060,구스타브 플로베르 저 , 민음사 , 2014년 07월,구스타브 플로베르
감정 교육 2,구스타브 플로베르 저 | 민음사 | 2014년 07월,http://www.yes24.com/Product/Goods/13987063,구스타브 플로베르 저 , 민음사 , 2014년 07월,구스타브 플로베르
불타는 평원,정창 역 | 민음사 | 2014년 08월,http://www.yes24.com/Product/Goods/14309718,정창 역 , 민음사 , 2014년 08월,후안 룰포
위대한 몬느,알랭 푸르니에 저 | 민음사 | 2014년 09월,http://www.yes24.com/Product/Goods/14577582,알랭 푸르니에 저 , 민음사 , 2014년 09월,알랭 푸르니에
라쇼몬 아쿠타가와 류노스케 단편선,아쿠타가와 류노스케 저/서은혜 역 | 민음사 | 2014년 10월,http://www.yes24.com/Product/Goods/14863283,아쿠타가와 류노스케 저/서은혜 역 , 민음사 , 2014년 10월,아쿠타가와 류노스케
반바지 당나귀,앙리 보스코 저 / 정영란 역 | 민음사 | 2014년 11월,http://www.yes24.com/Product/Goods/15153891,앙리 보스코 저 / 정영란 역 , 민음사 , 2014년 11월,앙리 보스코
정복자들,앙드레 말로 저 | 민음사 | 2014년 12월,http://www.yes24.com/Product/Goods/15456319,앙드레 말로 저 , 민음사 , 2014년 12월,앙드레 말로
우리 동네 아이들 1,나지브 마흐푸즈 저 | 민음사 | 2015년 02월,http://www.yes24.com/Product/Goods/16667783,나지브 마흐푸즈 저 , 민음사 , 2015년 02월,나지브 마흐푸즈
양철북 2 1999년 노벨문학상 수상작가 대표작,귄터 그라스 저/장희창 역 | 민음사 | 2000년 03월,http://www.yes24.com/Product/Goods/67516,귄터 그라스 저/장희창 역 , 민음사 , 2000년 03월,귄터 그라스
우리 동네 아이들 2,나지브 마흐푸즈 저 | 민음사 | 2015년 02월,http://www.yes24.com/Product/Goods/16667785,나지브 마흐푸즈 저 , 민음사 , 2015년 02월,나지브 마흐푸즈
개선문 1,에리히 마리아 레마르크 저 | 민음사 | 2015년 02월,http://www.yes24.com/Product/Goods/16777484,에리히 마리아 레마르크 저 , 민음사 , 2015년 02월,에리히 마리아 레마르크
개선문 2,에리히 마리아 레마르크 저/장희창 역 | 민음사 | 2015년 02월,http://www.yes24.com/Product/Goods/16777487,에리히 마리아 레마르크 저/장희창 역 , 민음사 , 2015년 02월,에리히 마리아 레마르크
사바나의 개미 언덕,치누아 아체베 저 / 이소영 역 | 민음사 | 2015년 04월,http://www.yes24.com/Product/Goods/17713168,치누아 아체베 저 / 이소영 역 , 민음사 , 2015년 04월,치누아 아체베
게걸음으로,귄터 그라스 저/장희창 역 | 민음사 | 2015년 05월,http://www.yes24.com/Product/Goods/17880674,귄터 그라스 저/장희창 역 , 민음사 , 2015년 05월,귄터 그라스
코스모스,비톨트 곰브로비치 저/최성은 역 | 민음사 | 2015년 05월,http://www.yes24.com/Product/Goods/18235051,비톨트 곰브로비치 저/최성은 역 , 민음사 , 2015년 05월,비톨트 곰브로비치
"좁은 문, 전원교향곡, 배덕자",앙드레 지드 저 | 민음사 | 2015년 07월,http://www.yes24.com/Product/Goods/19673992,앙드레 지드 저 , 민음사 , 2015년 07월,앙드레 지드
암 병동 1,알렉산드르 이자에비치 솔제니친 저 | 민음사 | 2015년 09월,http://www.yes24.com/Product/Goods/20508881,알렉산드르 이자에비치 솔제니친 저 , 민음사 , 2015년 09월,알렉산드르 이자에비치 솔제니친
암 병동 2,알렉산드르 이자에비치 솔제니친 저 | 민음사 | 2015년 09월,http://www.yes24.com/Product/Goods/20508885,알렉산드르 이자에비치 솔제니친 저 , 민음사 , 2015년 09월,알렉산드르 이자에비치 솔제니친
피의 꽃잎들,응구기 와 시옹오 저 | 민음사 | 2015년 10월,http://www.yes24.com/Product/Goods/22353127,응구기 와 시옹오 저 , 민음사 , 2015년 10월,응구기 와 시옹오
백년의 고독 1,가브리엘 가르시아 마르케스 저/조구호 역 | 민음사 | 2000년 01월,http://www.yes24.com/Product/Goods/96378,가브리엘 가르시아 마르케스 저/조구호 역 , 민음사 , 2000년 01월,가브리엘 가르시아 마르케스
운명,임레 케르테스 저 | 민음사 | 2016년 05월,http://www.yes24.com/Product/Goods/27611452,임레 케르테스 저 , 민음사 , 2016년 05월,임레 케르테스
벌거벗은 자와 죽은 자 1,노먼 메일러 저 / 이운경 역 | 민음사 | 2016년 05월,http://www.yes24.com/Product/Goods/27705934,노먼 메일러 저 / 이운경 역 , 민음사 , 2016년 05월,노먼 메일러
벌거벗은 자와 죽은 자 2,노먼 메일러 저 / 이운경 역 | 민음사 | 2016년 05월,http://www.yes24.com/Product/Goods/27705937,노먼 메일러 저 / 이운경 역 , 민음사 , 2016년 05월,노먼 메일러
시지프 신화,알베르 까뮈 저/김화영 역 | 민음사 | 2016년 06월,http://www.yes24.com/Product/Goods/29074412,알베르 까뮈 저/김화영 역 , 민음사 , 2016년 06월,알베르 까뮈
뇌우,차오위 저 / 오수경 역 | 민음사 | 2016년 06월,http://www.yes24.com/Product/Goods/29402634,차오위 저 / 오수경 역 , 민음사 , 2016년 06월,차오위
모옌 중단편선,"모옌 저/심규호,유소영 역 | 민음사 | 2016년 09월",http://www.yes24.com/Product/Goods/33126536,"모옌 저/심규호,유소영 역 ", 민음사 , 2016년 09월,모옌
일야서,"한사오궁 저 / 심규호,유소영 공역 | 민음사 | 2016년 11월",http://www.yes24.com/Product/Goods/35279816,"한사오궁 저 / 심규호,유소영 공역 ", 민음사 , 2016년 11월,한사오궁
상속자들,윌리엄 골딩 저/안지현 역 | 민음사 | 2017년 03월,http://www.yes24.com/Product/Goods/37531280,윌리엄 골딩 저/안지현 역 , 민음사 , 2017년 03월,윌리엄 골딩
설득,제인 오스틴 저/전승희 역 | 민음사 | 2017년 04월,http://www.yes24.com/Product/Goods/39347388,제인 오스틴 저/전승희 역 , 민음사 , 2017년 04월,제인 오스틴
히로시마 내 사랑,마르그리트 뒤라스 저 | 민음사 | 2017년 06월,http://www.yes24.com/Product/Goods/43308272,마르그리트 뒤라스 저 , 민음사 , 2017년 06월,마르그리트 뒤라스
백년의 고독 2,가브리엘 가르시아 마르케스 저/조구호 역 | 민음사 | 2000년 01월,http://www.yes24.com/Product/Goods/96379,가브리엘 가르시아 마르케스 저/조구호 역 , 민음사 , 2000년 01월,가브리엘 가르시아 마르케스
오 헨리 단편선,오 헨리 저 | 민음사 | 2017년 07월,http://www.yes24.com/Product/Goods/43876706,오 헨리 저 , 민음사 , 2017년 07월,오 헨리
올리버 트위스트 1,찰스 디킨스 저/이인규 역 | 민음사 | 2018년 04월,http://www.yes24.com/Product/Goods/60498006,찰스 디킨스 저/이인규 역 , 민음사 , 2018년 04월,찰스 디킨스
올리버 트위스트 2,찰스 디킨스 저/이인규 역 | 민음사 | 2018년 04월,http://www.yes24.com/Product/Goods/60498044,찰스 디킨스 저/이인규 역 , 민음사 , 2018년 04월,찰스 디킨스
전쟁과 평화 1,레프 톨스토이 저/연진희 역 | 민음사 | 2018년 06월,http://www.yes24.com/Product/Goods/61933946,레프 톨스토이 저/연진희 역 , 민음사 , 2018년 06월,레프 톨스토이
전쟁과 평화 2,레프 톨스토이 저/연진희 역 | 민음사 | 2018년 06월,http://www.yes24.com/Product/Goods/61933969,레프 톨스토이 저/연진희 역 , 민음사 , 2018년 06월,레프 톨스토이
전쟁과 평화 3,레프 톨스토이 저/연진희 역 | 민음사 | 2018년 06월,http://www.yes24.com/Product/Goods/61933987,레프 톨스토이 저/연진희 역 , 민음사 , 2018년 06월,레프 톨스토이
전쟁과 평화 4,레프 톨스토이 저/연진희 역 | 민음사 | 2018년 06월,http://www.yes24.com/Product/Goods/61933997,레프 톨스토이 저/연진희 역 , 민음사 , 2018년 06월,레프 톨스토이
다시 찾은 브라이즈헤드,에벌린 워 저/백지민 역 | 민음사 | 2018년 09월,http://www.yes24.com/Product/Goods/64573081,에벌린 워 저/백지민 역 , 민음사 , 2018년 09월,에벌린 워
아무도 대령에게 편지하지 않다,가브리엘 가르시아 마르케스 저/송병선 역 | 민음사 | 2018년 11월,http://www.yes24.com/Product/Goods/66890382,가브리엘 가르시아 마르케스 저/송병선 역 , 민음사 , 2018년 11월,가브리엘 가르시아 마르케스
사양,다자이 오사무 저/유숙자 역 | 민음사 | 2018년 09월,http://www.yes24.com/Product/Goods/64704276,다자이 오사무 저/유숙자 역 , 민음사 , 2018년 09월,다자이 오사무
마담 보바리,구스타브 플로베르 저/김화영 역 | 민음사 | 2000년 02월,http://www.yes24.com/Product/Goods/103620,구스타브 플로베르 저/김화영 역 , 민음사 , 2000년 02월,구스타브 플로베르
좌절,임레 케르테스 저/한경민 역 | 민음사 | 2018년 11월,http://www.yes24.com/Product/Goods/67439006,임레 케르테스 저/한경민 역 , 민음사 , 2018년 11월,임레 케르테스
닥터 지바고 1,보리스 빠스쩨르나끄 저/김연경 역 | 민음사 | 2019년 01월,http://www.yes24.com/Product/Goods/69250763,보리스 빠스쩨르나끄 저/김연경 역 , 민음사 , 2019년 01월,보리스 빠스쩨르나끄
닥터 지바고 2,보리스 빠스쩨르나끄 저/김연경 역 | 민음사 | 2019년 01월,http://www.yes24.com/Product/Goods/69250771,보리스 빠스쩨르나끄 저/김연경 역 , 민음사 , 2019년 01월,보리스 빠스쩨르나끄
노생거 사원,제인 오스틴 저/윤지관 역 | 민음사 | 2019년 06월,http://www.yes24.com/Product/Goods/74588770,제인 오스틴 저/윤지관 역 , 민음사 , 2019년 06월,제인 오스틴
개구리,"모옌 저/심규호,유소영 역 | 민음사 | 2021년 06월",http://www.yes24.com/Product/Goods/102350758,"모옌 저/심규호,유소영 역 ", 민음사 , 2021년 06월,모옌
마왕,미셸 투르니에 저/이원복 역 | 민음사 | 2020년 01월,http://www.yes24.com/Product/Goods/87306881,미셸 투르니에 저/이원복 역 , 민음사 , 2020년 01월,미셸 투르니에
맨스필드 파크,제인 오스틴 저/김영희 역 | 민음사 | 2020년 05월,http://www.yes24.com/Product/Goods/90266936,제인 오스틴 저/김영희 역 , 민음사 , 2020년 05월,제인 오스틴
이선 프롬 [ 반양장 ],이디스 워튼 저/김욱동 역 | 민음사 | 2020년 08월,http://www.yes24.com/Product/Goods/91887643,이디스 워튼 저/김욱동 역 , 민음사 , 2020년 08월,이디스 워튼
여름 [ 반양장 ],이디스 워튼 저/김욱동 역 | 민음사 | 2020년 08월,http://www.yes24.com/Product/Goods/91887697,이디스 워튼 저/김욱동 역 , 민음사 , 2020년 08월,이디스 워튼
나는 고백한다 1 [ 반양장 ],자우메 카브레 저/권가람 역 | 민음사 | 2020년 11월,http://www.yes24.com/Product/Goods/96178574,자우메 카브레 저/권가람 역 , 민음사 , 2020년 11월,자우메 카브레
거미 여인의 키스,마누엘 푸익 저/송병선 역 | 민음사 | 2000년 06월,http://www.yes24.com/Product/Goods/133755,마누엘 푸익 저/송병선 역 , 민음사 , 2000년 06월,마누엘 푸익
나는 고백한다 2 [ 반양장 ],자우메 카브레 저/권가람 역 | 민음사 | 2020년 11월,http://www.yes24.com/Product/Goods/96178615,자우메 카브레 저/권가람 역 , 민음사 , 2020년 11월,자우메 카브레
나는 고백한다 3 [ 반양장 ],자우메 카브레 저/권가람 역 | 민음사 | 2020년 11월,http://www.yes24.com/Product/Goods/96178651,자우메 카브레 저/권가람 역 , 민음사 , 2020년 11월,자우메 카브레
태엽 감는 새 연대기 1 도둑 까치 [ 반양장 ],무라카미 하루키 저/김난주 역 | 민음사 | 2020년 12월,http://www.yes24.com/Product/Goods/96547433,무라카미 하루키 저/김난주 역 , 민음사 , 2020년 12월,무라카미 하루키
태엽 감는 새 연대기 2 예언하는 새 [ 반양장 ],무라카미 하루키 저/김난주 역 | 민음사 | 2020년 12월,http://www.yes24.com/Product/Goods/96547444,무라카미 하루키 저/김난주 역 , 민음사 , 2020년 12월,무라카미 하루키
태엽 감는 새 연대기 3 새 잡이 사내 [ 반양장 ],무라카미 하루키 저/김난주 역 | 민음사 | 2020년 12월,http://www.yes24.com/Product/Goods/96547456,무라카미 하루키 저/김난주 역 , 민음사 , 2020년 12월,무라카미 하루키
대사들 1 [ 반양장 ],헨리 제임스 저/정소영 역 | 민음사 | 2021년 02월,http://www.yes24.com/Product/Goods/97657393,헨리 제임스 저/정소영 역 , 민음사 , 2021년 02월,헨리 제임스
대사들 2 [ 반양장 ],헨리 제임스 저/정소영 역 | 민음사 | 2021년 02월,http://www.yes24.com/Product/Goods/97657411,헨리 제임스 저/정소영 역 , 민음사 , 2021년 02월,헨리 제임스
족장의 가을 [ 반양장 ],가브리엘 가르시아 마르케스 저/송병선 역 | 민음사 | 2021년 02월,http://www.yes24.com/Product/Goods/97698983,가브리엘 가르시아 마르케스 저/송병선 역 , 민음사 , 2021년 02월,가브리엘 가르시아 마르케스
핏빛 자오선,코맥 매카시 저/김시현 역 | 민음사 | 2021년 06월,http://www.yes24.com/Product/Goods/102794956,코맥 매카시 저/김시현 역 , 민음사 , 2021년 06월,코맥 매카시
모두 다 예쁜 말들,코맥 매카시 저/김시현 역 | 민음사 | 2021년 06월,http://www.yes24.com/Product/Goods/102795191,코맥 매카시 저/김시현 역 , 민음사 , 2021년 06월,코맥 매카시
달과 6펜스,윌리엄 서머싯 몸 저 | 민음사 | 2000년 06월,http://www.yes24.com/Product/Goods/135880,윌리엄 서머싯 몸 저 , 민음사 , 2000년 06월,윌리엄 서머싯 몸
국경을 넘어,코맥 매카시 저/김시현 역 | 민음사 | 2021년 07월,http://www.yes24.com/Product/Goods/102795498,코맥 매카시 저/김시현 역 , 민음사 , 2021년 07월,코맥 매카시
평원의 도시들,코맥 매카시 저/김시현 역 | 민음사 | 2021년 07월,http://www.yes24.com/Product/Goods/102795502,코맥 매카시 저/김시현 역 , 민음사 , 2021년 07월,코맥 매카시
만년,다자이 오사무 저/유숙자 역 | 민음사 | 2021년 07월,http://www.yes24.com/Product/Goods/102640794,다자이 오사무 저/유숙자 역 , 민음사 , 2021년 07월,다자이 오사무
반항하는 인간,알베르 까뮈 저/김화영 역 | 민음사 | 2021년 06월,http://www.yes24.com/Product/Goods/102350832,알베르 까뮈 저/김화영 역 , 민음사 , 2021년 06월,알베르 까뮈
악령 1,표도르 도스토예프스키 저/김연경 역 | 민음사 | 2021년 06월,http://www.yes24.com/Product/Goods/102419946,표도르 도스토예프스키 저/김연경 역 , 민음사 , 2021년 06월,표도르 도스토예프스키
악령 2,표도르 도스토예프스키 저/김연경 역 | 민음사 | 2021년 06월,http://www.yes24.com/Product/Goods/102419949,표도르 도스토예프스키 저/김연경 역 , 민음사 , 2021년 06월,표도르 도스토예프스키
악령 3,표도르 도스토예프스키 저/김연경 역 | 민음사 | 2021년 06월,http://www.yes24.com/Product/Goods/102419955,표도르 도스토예프스키 저/김연경 역 , 민음사 , 2021년 06월,표도르 도스토예프스키
태평양을 막는 제방,마르그리트 뒤라스 저/윤진 역 | 민음사 | 2021년 08월,http://www.yes24.com/Product/Goods/103554229,마르그리트 뒤라스 저/윤진 역 , 민음사 , 2021년 08월,마르그리트 뒤라스
남아 있는 나날,가즈오 이시구로 저/송은경 역 | 민음사 | 2021년 08월,http://www.yes24.com/Product/Goods/103168353,가즈오 이시구로 저/송은경 역 , 민음사 , 2021년 08월,가즈오 이시구로
앙리 브륄라르의 생애,스탕달 저/원윤수 역 | 민음사 | 2021년 09월,http://www.yes24.com/Product/Goods/104126690,스탕달 저/원윤수 역 , 민음사 , 2021년 09월,스탕달
폴란드의 풍차,장 지오노 저 | 민음사 | 2000년 10월,http://www.yes24.com/Product/Goods/161354,장 지오노 저 , 민음사 , 2000년 10월,장 지오노
찻집,라오서 저/오수경 역 | 민음사 | 2021년 12월,http://www.yes24.com/Product/Goods/105763450,라오서 저/오수경 역 , 민음사 , 2021년 12월,라오서
태어나지 않은 아이를 위한 기도,임레 케르테스 저/이상동 역 | 민음사 | 2022년 01월,http://www.yes24.com/Product/Goods/107474603,임레 케르테스 저/이상동 역 , 민음사 , 2022년 01월,임레 케르테스
서머싯 몸 단편선 1,윌리엄 서머싯 몸 저/황소연 역 | 민음사 | 2021년 09월,http://www.yes24.com/Product/Goods/103664171,윌리엄 서머싯 몸 저/황소연 역 , 민음사 , 2021년 09월,윌리엄 서머싯 몸
서머싯 몸 단편선 2,윌리엄 서머싯 몸 저/황소연 역 | 민음사 | 2021년 09월,http://www.yes24.com/Product/Goods/103664172,윌리엄 서머싯 몸 저/황소연 역 , 민음사 , 2021년 09월,윌리엄 서머싯 몸
케이크와 맥주,윌리엄 서머싯 몸 저/황소연 역 | 민음사 | 2021년 09월,http://www.yes24.com/Product/Goods/103664180,윌리엄 서머싯 몸 저/황소연 역 , 민음사 , 2021년 09월,윌리엄 서머싯 몸
월든,헨리 데이비드 소로우 저/정회성 역 | 민음사 | 2021년 11월,http://www.yes24.com/Product/Goods/105164060,헨리 데이비드 소로우 저/정회성 역 , 민음사 , 2021년 11월,헨리 데이비드 소로우
모래 사나이,E. T. A. 호프만 저/신동화 역 | 민음사 | 2021년 12월,http://www.yes24.com/Product/Goods/105661918,E. T. A. 호프만 저/신동화 역 , 민음사 , 2021년 12월,E. T. A. 호프만
검은 책 1,오르한 파묵 저/이난아 역 | 민음사 | 2022년 02월,http://www.yes24.com/Product/Goods/107663639,오르한 파묵 저/이난아 역 , 민음사 , 2022년 02월,오르한 파묵
검은 책 2,오르한 파묵 저/이난아 역 | 민음사 | 2022년 02월,http://www.yes24.com/Product/Goods/107663647,오르한 파묵 저/이난아 역 , 민음사 , 2022년 02월,오르한 파묵
방랑자들,올가 토카르추크 저/최성은 역 | 민음사 | 2021년 02월,http://www.yes24.com/Product/Goods/107679350,올가 토카르추크 저/최성은 역 , 민음사 , 2021년 02월,올가 토카르추크
변신 시골의사,프란츠 카프카 저/전영애 역 | 민음사 | 1998년 08월,http://www.yes24.com/Product/Goods/17359,프란츠 카프카 저/전영애 역 , 민음사 , 1998년 08월,프란츠 카프카
독일어 시간 1,지크프리트 렌츠 저 | 민음사 | 2000년 10월,http://www.yes24.com/Product/Goods/161347,지크프리트 렌츠 저 , 민음사 , 2000년 10월,지크프리트 렌츠
"시여, 침을 뱉어라",김수영 저/이영준 편 | 민음사 | 2022년 01월,http://www.yes24.com/Product/Goods/107011243,김수영 저/이영준 편 , 민음사 , 2022년 01월,김수영
환락의 집 1,이디스 워튼 저/전승희 역 | 민음사 | 2022년 04월,http://www.yes24.com/Product/Goods/108786820,이디스 워튼 저/전승희 역 , 민음사 , 2022년 04월,이디스 워튼
환락의 집 2,이디스 워튼 저/전승희 역 | 민음사 | 2022년 04월,http://www.yes24.com/Product/Goods/108786833,이디스 워튼 저/전승희 역 , 민음사 , 2022년 04월,이디스 워튼
아버지와 자식,이반 투르게네프 저/연진희 역 | 민음사 | 2022년 05월,http://www.yes24.com/Product/Goods/109584283,이반 투르게네프 저/연진희 역 , 민음사 , 2022년 05월,이반 투르게네프
청부 살인자의 성모,페르난도 바예호 저/송병선 역 | 민음사 | 2022년 05월,http://www.yes24.com/Product/Goods/109706733,페르난도 바예호 저/송병선 역 , 민음사 , 2022년 05월,페르난도 바예호
독일어 시간 2,지크프리트 렌츠 저 | 민음사 | 2000년 10월,http://www.yes24.com/Product/Goods/161348,지크프리트 렌츠 저 , 민음사 , 2000년 10월,지크프리트 렌츠
말테의 수기,라이너 마리아 릴케 저 | 민음사 | 2005년 01월,http://www.yes24.com/Product/Goods/1453690,라이너 마리아 릴케 저 , 민음사 , 2005년 01월,라이너 마리아 릴케
감옥에서 보낸 편지,안토니오 그람시 저 | 민음사 | 2000년 10월,http://www.yes24.com/Product/Goods/164801,안토니오 그람시 저 , 민음사 , 2000년 10월,안토니오 그람시
고도를 기다리며 1969년도 노벨문학상 수상작,사무엘 베케트 저 | 민음사 | 2000년 11월,http://www.yes24.com/Product/Goods/172368,사무엘 베케트 저 , 민음사 , 2000년 11월,사무엘 베케트
데미안,헤르만 헤세 저/전영애 역 | 민음사 | 2000년 12월,http://www.yes24.com/Product/Goods/176787,헤르만 헤세 저/전영애 역 , 민음사 , 2000년 12월,헤르만 헤세
젊은 예술가의 초상,제임스 조이스 저 | 민음사 | 2001년 03월,http://www.yes24.com/Product/Goods/192061,제임스 조이스 저 , 민음사 , 2001년 03월,제임스 조이스
카탈로니아 찬가,조지 오웰 저/정영목 역 | 민음사 | 2001년 05월,http://www.yes24.com/Product/Goods/201697,조지 오웰 저/정영목 역 , 민음사 , 2001년 05월,조지 오웰
호밀밭의 파수꾼,제롬 데이비드 샐린저 저/공경희 역 | 민음사 | 2001년 05월,http://www.yes24.com/Product/Goods/204300,제롬 데이비드 샐린저 저/공경희 역 , 민음사 , 2001년 05월,제롬 데이비드 샐린저
파르마의 수도원 1,"스탕달 저/원윤수,임미경 역 | 민음사 | 2001년 08월",http://www.yes24.com/Product/Goods/217803,"스탕달 저/원윤수,임미경 역 ", 민음사 , 2001년 08월,스탕달
파르마의 수도원 2,"스탕달 저/원윤수,임미경 역 | 민음사 | 2001년 08월",http://www.yes24.com/Product/Goods/217805,"스탕달 저/원윤수,임미경 역 ", 민음사 , 2001년 08월,스탕달
동물농장,조지 오웰 저/도정일 역 | 민음사 | 2001년 02월,http://www.yes24.com/Product/Goods/17352,조지 오웰 저/도정일 역 , 민음사 , 2001년 02월,조지 오웰
수레바퀴 아래서,헤르만 헤세 저/김이섭 역 | 민음사 | 2001년 08월,http://www.yes24.com/Product/Goods/221158,헤르만 헤세 저/김이섭 역 , 민음사 , 2001년 08월,헤르만 헤세
내 이름은 빨강 1,오르한 파묵 저/이난아 역 | 민음사 | 2019년 10월,http://www.yes24.com/Product/Goods/81526173,오르한 파묵 저/이난아 역 , 민음사 , 2019년 10월,오르한 파묵
황제를 위하여 1,이문열 저 | 민음사 | 2001년 09월,http://www.yes24.com/Product/Goods/224337,이문열 저 , 민음사 , 2001년 09월,이문열
내 이름은 빨강 2,오르한 파묵 저/이난아 역 | 민음사 | 2019년 10월,http://www.yes24.com/Product/Goods/81526189,오르한 파묵 저/이난아 역 , 민음사 , 2019년 10월,오르한 파묵
황제를 위하여 2,이문열 저 | 민음사 | 2001년 09월,http://www.yes24.com/Product/Goods/224339,이문열 저 , 민음사 , 2001년 09월,이문열
오셀로,윌리엄 셰익스피어 저 | 민음사 | 2001년 09월,http://www.yes24.com/Product/Goods/224177,윌리엄 셰익스피어 저 , 민음사 , 2001년 09월,윌리엄 셰익스피어
조서 調書 정신병원 또는 군대에서 탈출했을지도 모르는 한 남자의 이야기,J. M. G. 르 클레지오 저 | 민음사 | 2001년 10월,http://www.yes24.com/Product/Goods/230384,J. M. G. 르 클레지오 저 , 민음사 , 2001년 10월,J. M. G. 르 클레지오
모래의 여자,아베 고보 저 | 민음사 | 2001년 11월,http://www.yes24.com/Product/Goods/235588,아베 고보 저 , 민음사 , 2001년 11월,아베 고보
부덴브로크가의 사람들 1,토마스 만 저/홍성광 역 | 민음사 | 2001년 11월,http://www.yes24.com/Product/Goods/237853,토마스 만 저/홍성광 역 , 민음사 , 2001년 11월,토마스 만
부덴브로크가의 사람들 2,토마스 만 저/홍성광 역 | 민음사 | 2001년 11월,http://www.yes24.com/Product/Goods/237857,토마스 만 저/홍성광 역 , 민음사 , 2001년 11월,토마스 만
싯다르타,헤르만 헤세 저/박병덕 역 | 민음사 | 2002년 01월,http://www.yes24.com/Product/Goods/257435,헤르만 헤세 저/박병덕 역 , 민음사 , 2002년 01월,헤르만 헤세
아들과 연인 1,데이비드 허버트 로렌스 저 | 민음사 | 2002년 01월,http://www.yes24.com/Product/Goods/252514,데이비드 허버트 로렌스 저 , 민음사 , 2002년 01월,데이비드 허버트 로렌스
허클베리 핀의 모험,마크 트웨인 저/김욱동 역 | 민음사 | 1998년 08월,http://www.yes24.com/Product/Goods/57199,마크 트웨인 저/김욱동 역 , 민음사 , 1998년 08월,마크 트웨인
아들과 연인 2,데이비드 허버트 로렌스 저 | 민음사 | 2002년 01월,http://www.yes24.com/Product/Goods/252515,데이비드 허버트 로렌스 저 , 민음사 , 2002년 01월,데이비드 허버트 로렌스
설국,가와바타 야스나리 저 | 민음사 | 2002년 01월,http://www.yes24.com/Product/Goods/252513,가와바타 야스나리 저 , 민음사 , 2002년 01월,가와바타 야스나리
벨킨 이야기ㆍ스페이드 여왕,알렉산드르 세르게예비치 푸쉬킨 저 | 민음사 | 2002년 04월,http://www.yes24.com/Product/Goods/272248,알렉산드르 세르게예비치 푸쉬킨 저 , 민음사 , 2002년 04월,알렉산드르 세르게예비치 푸쉬킨
넙치 1,귄터 그라스 저/김재혁 역 | 민음사 | 2002년 05월,http://www.yes24.com/Product/Goods/279324,귄터 그라스 저/김재혁 역 , 민음사 , 2002년 05월,귄터 그라스
넙치 2,귄터 그라스 저/김재혁 역 | 민음사 | 2002년 05월,http://www.yes24.com/Product/Goods/279325,귄터 그라스 저/김재혁 역 , 민음사 , 2002년 05월,귄터 그라스
소망 없는 불행 2019 노벨문학상 수상작가,페터 한트케 저/윤용호 역 | 민음사 | 2002년 06월,http://www.yes24.com/Product/Goods/283718,페터 한트케 저/윤용호 역 , 민음사 , 2002년 06월,페터 한트케
나르치스와 골드문트,헤르만 헤세 저 | 민음사 | 2002년 07월,http://www.yes24.com/Product/Goods/295136,헤르만 헤세 저 , 민음사 , 2002년 07월,헤르만 헤세
황야의 이리,헤르만 헤세 저 | 민음사 | 2002년 07월,http://www.yes24.com/Product/Goods/295138,헤르만 헤세 저 , 민음사 , 2002년 07월,헤르만 헤세
뻬쩨르부르그 이야기,고골 저 / 조주관 역 | 민음사 | 2002년 09월,http://www.yes24.com/Product/Goods/304032,고골 저 / 조주관 역 , 민음사 , 2002년 09월,고골
밤으로의 긴 여로,유진 글래드스톤 오닐 저/민승남 역 | 민음사 | 2002년 11월,http://www.yes24.com/Product/Goods/313778,유진 글래드스톤 오닐 저/민승남 역 , 민음사 , 2002년 11월,유진 글래드스톤 오닐
암흑의 핵심,조셉 콘래드 저 | 민음사 | 2000년 09월,http://www.yes24.com/Product/Goods/17373,조셉 콘래드 저 , 민음사 , 2000년 09월,조셉 콘래드
체호프 단편선,안톤 파블로비치 체호프 저 | 민음사 | 2002년 11월,http://www.yes24.com/Product/Goods/318392,안톤 파블로비치 체호프 저 , 민음사 , 2002년 11월,안톤 파블로비치 체호프
버스 정류장,가오싱 젠 저 | 민음사 | 2002년 12월,http://www.yes24.com/Product/Goods/322995,가오싱 젠 저 , 민음사 , 2002년 12월,가오싱 젠
구운몽,김만중 저 / 송성욱 역 | 민음사 | 2003년 01월,http://www.yes24.com/Product/Goods/333133,김만중 저 / 송성욱 역 , 민음사 , 2003년 01월,김만중
대머리 여가수,외젠 이오네스코 저 / 오세곤 역 | 민음사 | 2003년 03월,http://www.yes24.com/Product/Goods/347789,외젠 이오네스코 저 / 오세곤 역 , 민음사 , 2003년 03월,외젠 이오네스코
이솝 우화집,이솝 저 | 민음사 | 2003년 04월,http://www.yes24.com/Product/Goods/355174,이솝 저 , 민음사 , 2003년 04월,이솝
위대한 개츠비,F. 스콧 피츠제럴드 저/김욱동 역 | 민음사 | 2003년 05월,http://www.yes24.com/Product/Goods/370331,F. 스콧 피츠제럴드 저/김욱동 역 , 민음사 , 2003년 05월,F. 스콧 피츠제럴드
푸른 꽃,김재혁 역 | 민음사 | 2003년 05월,http://www.yes24.com/Product/Goods/364109,김재혁 역 , 민음사 , 2003년 05월,노발리스
1984,조지 오웰 저/정회성 역 | 민음사 | 2003년 06월,http://www.yes24.com/Product/Goods/372300,조지 오웰 저/정회성 역 , 민음사 , 2003년 06월,조지 오웰
영혼의 집 1,이사벨 아옌데 저/권미선 역 | 민음사 | 2003년 07월,http://www.yes24.com/Product/Goods/378532,이사벨 아옌데 저/권미선 역 , 민음사 , 2003년 07월,이사벨 아옌데
영혼의 집 2,이사벨 아옌데 저/권미선 역 | 민음사 | 2003년 07월,http://www.yes24.com/Product/Goods/378540,이사벨 아옌데 저/권미선 역 , 민음사 , 2003년 07월,이사벨 아옌데
토니오 크뢰거 · 트리스탄 · 베니스에서의 죽음,토마스 만 저/안삼환 등역 | 민음사 | 1998년 08월,http://www.yes24.com/Product/Goods/17392,토마스 만 저/안삼환 등역 , 민음사 , 1998년 08월,토마스 만
첫사랑,이반 투르게네프 저/이항재 역 | 민음사 | 2003년 07월,http://www.yes24.com/Product/Goods/380427,이반 투르게네프 저/이항재 역 , 민음사 , 2003년 07월,이반 투르게네프
내가 죽어 누워 있을 때,윌리엄 포크너 저 | 민음사 | 2003년 07월,http://www.yes24.com/Product/Goods/380718,윌리엄 포크너 저 , 민음사 , 2003년 07월,윌리엄 포크너
런던 스케치,도리스 레싱 저/서숙 역 | 민음사 | 2003년 08월,http://www.yes24.com/Product/Goods/389771,도리스 레싱 저/서숙 역 , 민음사 , 2003년 08월,도리스 레싱
팡세,블레즈 파스칼 저 | 민음사 | 2003년 08월,http://www.yes24.com/Product/Goods/391207,블레즈 파스칼 저 , 민음사 , 2003년 08월,블레즈 파스칼
질투,박이문 역 | 민음사 | 2003년 08월,http://www.yes24.com/Product/Goods/393733,박이문 역 , 민음사 , 2003년 08월,알랭 로브그리예
채털리 부인의 연인 1,데이비드 허버트 로렌스 저 | 민음사 | 2003년 09월,http://www.yes24.com/Product/Goods/396121,데이비드 허버트 로렌스 저 , 민음사 , 2003년 09월,데이비드 허버트 로렌스
채털리 부인의 연인 2,데이비드 허버트 로렌스 저 | 민음사 | 2003년 09월,http://www.yes24.com/Product/Goods/396123,데이비드 허버트 로렌스 저 , 민음사 , 2003년 09월,데이비드 허버트 로렌스
그 후,나쓰메 소세키 저 | 민음사 | 2003년 09월,http://www.yes24.com/Product/Goods/399005,나쓰메 소세키 저 , 민음사 , 2003년 09월,나쓰메 소세키
오만과 편견,제인 오스틴 저 | 민음사 | 2003년 09월,http://www.yes24.com/Product/Goods/402246,제인 오스틴 저 , 민음사 , 2003년 09월,제인 오스틴
부활 1 [ 개정판 ],레프 톨스토이 저/연진희 역 | 민음사 | 2019년 12월,http://www.yes24.com/Product/Goods/85951807,레프 톨스토이 저/연진희 역 , 민음사 , 2019년 12월,레프 톨스토이
부활 1,레프 톨스토이 저/박형규 역 | 민음사 | 2003년 11월,http://www.yes24.com/Product/Goods/412304,레프 톨스토이 저/박형규 역 , 민음사 , 2003년 11월,레프 톨스토이
문학이란 무엇인가,장 폴 사르트르 저 | 민음사 | 2000년 03월,http://www.yes24.com/Product/Goods/17355,장 폴 사르트르 저 , 민음사 , 2000년 03월,장 폴 사르트르
부활 2 [ 개정판 ],레프 톨스토이 저/연진희 역 | 민음사 | 2019년 12월,http://www.yes24.com/Product/Goods/85951813,레프 톨스토이 저/연진희 역 , 민음사 , 2019년 12월,레프 톨스토이
부활 2,레프 톨스토이 저/박형규 역 | 민음사 | 2003년 11월,http://www.yes24.com/Product/Goods/412305,레프 톨스토이 저/박형규 역 , 민음사 , 2003년 11월,레프 톨스토이
"방드르디, 태평양의 끝",미셸 투르니에 저/김화영 역 | 민음사 | 2003년 11월,http://www.yes24.com/Product/Goods/414278,미셸 투르니에 저/김화영 역 , 민음사 , 2003년 11월,미셸 투르니에
미겔 스트리트,V.S.나이폴 저 / 이상옥 역 | 민음사 | 2003년 11월,http://www.yes24.com/Product/Goods/418824,V.S.나이폴 저 / 이상옥 역 , 민음사 , 2003년 11월,V.S.나이폴
뻬드로 빠라모,정창 역 | 민음사 | 2003년 12월,http://www.yes24.com/Product/Goods/423645,정창 역 , 민음사 , 2003년 12월,후안 룰포
차라투스트라는 이렇게 말했다,프리드리히 니체 저/장희창 역 | 민음사 | 2004년 01월,http://www.yes24.com/Product/Goods/426994,프리드리히 니체 저/장희창 역 , 민음사 , 2004년 01월,프리드리히 니체
적과 흑 1,스탕달 저 | 민음사 | 2004년 01월,http://www.yes24.com/Product/Goods/428386,스탕달 저 , 민음사 , 2004년 01월,스탕달
적과 흑 2,스탕달 저 | 민음사 | 2004년 01월,http://www.yes24.com/Product/Goods/428388,스탕달 저 , 민음사 , 2004년 01월,스탕달
콜레라 시대의 사랑 1,가브리엘 가르시아 마르케스 저/송병선 역 | 민음사 | 2004년 02월,http://www.yes24.com/Product/Goods/432945,가브리엘 가르시아 마르케스 저/송병선 역 , 민음사 , 2004년 02월,가브리엘 가르시아 마르케스
콜레라 시대의 사랑 2,가브리엘 가르시아 마르케스 저/송병선 역 | 민음사 | 2004년 02월,http://www.yes24.com/Product/Goods/432932,가브리엘 가르시아 마르케스 저/송병선 역 , 민음사 , 2004년 02월,가브리엘 가르시아 마르케스
맥베스,윌리엄 셰익스피어 저 | 민음사 | 2004년 03월,http://www.yes24.com/Product/Goods/1374757,윌리엄 셰익스피어 저 , 민음사 , 2004년 03월,윌리엄 셰익스피어
조지 오웰 대표작 세트 동물농장/카탈로니아 찬가/1984 [ 전3권 ],"조지 오웰 저/도정일,정영목,정회성 역 | 민음사 | 2022년 04월",http://www.yes24.com/Product/Goods/108807059,"조지 오웰 저/도정일,정영목,정회성 역 ", 민음사 , 2022년 04월,조지 오웰
세계문학전집 J세트 361-400 [ 전40권 ],"보리스 파스테르나크,제인 오스틴,미셸 투르니에,제인 오스틴,이디스 워튼 등저 / 김연경,윤지관,이원복,김영희 | 민음사 | 2022년 03월",http://www.yes24.com/Product/Goods/108232965,"보리스 파스테르나크,제인 오스틴,미셸 투르니에,제인 오스틴,이디스 워튼 등저 / 김연경,윤지관,이원복,김영희 ", 민음사 , 2022년 03월,
"연인 + 태평양을 막는 제방 [ 전2권, 반양장 ]","마르그리트 뒤라스 저/김인환,윤진 역 | 민음사 | 2021년 08월",http://www.yes24.com/Product/Goods/103598125,"마르그리트 뒤라스 저/김인환,윤진 역 ", 민음사 , 2021년 08월,마르그리트 뒤라스
악령 1~3 세트 [ 전3권 ],표도르 도스토예프스키 저/김연경 역 | 민음사 | 2021년 06월,http://www.yes24.com/Product/Goods/102503170,표도르 도스토예프스키 저/김연경 역 , 민음사 , 2021년 06월,표도르 도스토예프스키
"태엽 감는 새 연대기 1~3 세트 [ 전3권, 반양장 ]",무라카미 하루키 저/김난주 역 | 민음사 | 2020년 12월,http://www.yes24.com/Product/Goods/96582087,무라카미 하루키 저/김난주 역 , 민음사 , 2020년 12월,무라카미 하루키
"제인 오스틴 선집 세트 [ 전6권, 양장 ]","제인 오스틴 저/김영희,윤지관,전승희 역 | 민음사 | 2020년 08월",http://www.yes24.com/Product/Goods/92091495,"제인 오스틴 저/김영희,윤지관,전승희 역 ", 민음사 , 2020년 08월,제인 오스틴
세계문학전집 B세트 42-80 [ 전39권 ],민음사 | 2020년 02월,http://www.yes24.com/Product/Goods/87531165,,민음사 , 2020년 02월,
"내 이름은 빨강 1,2 세트 [ 전2권 ]",오르한 파묵 저/이난아 역 | 민음사 | 2019년 10월,http://www.yes24.com/Product/Goods/109024403,오르한 파묵 저/이난아 역 , 민음사 , 2019년 10월,오르한 파묵
소망 없는 불행 + 페널티킥 앞에 선 골키퍼의 불안 + 관객모독 2019 노벨문학상 수상작가 [ 전3권 ],페터 한트케 저/윤용호 역 | 민음사 | 2019년 10월,http://www.yes24.com/Product/Goods/80133063,페터 한트케 저/윤용호 역 , 민음사 , 2019년 10월,페터 한트케
세계문학전집 I세트 321-360 [ 전40권 ],민음사 | 2019년 05월,http://www.yes24.com/Product/Goods/73620615,,민음사 , 2019년 05월,
세계문학전집 H세트 281-320 [ 전40권 ],민음사 | 2019년 05월,http://www.yes24.com/Product/Goods/73620608,,민음사 , 2019년 05월,
세계문학전집 G세트 241-280 [ 전40권 ],민음사 | 2019년 05월,http://www.yes24.com/Product/Goods/73620558,,민음사 , 2019년 05월,
세계문학전집 F세트 201-240 [ 전40권 ],민음사 | 2019년 05월,http://www.yes24.com/Product/Goods/73620395,,민음사 , 2019년 05월,
세계문학전집 E세트 161-200 [ 전40권 ],민음사 | 2019년 05월,http://www.yes24.com/Product/Goods/73620352,,민음사 , 2019년 05월,
세계문학전집 D세트 121-160 [ 전40권 ],민음사 | 2019년 05월,http://www.yes24.com/Product/Goods/73620345,,민음사 , 2019년 05월,
세계문학전집 C세트 81-120 [ 전40권 ],민음사 | 2019년 05월,http://www.yes24.com/Product/Goods/73620337,,민음사 , 2019년 05월,
세계문학전집 B세트 42-80 [ 전39권 ],민음사 | 2019년 05월,http://www.yes24.com/Product/Goods/73620128,,민음사 , 2019년 05월,
세계문학전집 A세트 1-41 [ 전41권 ],민음사 | 2019년 05월,http://www.yes24.com/Product/Goods/73619840,,민음사 , 2019년 05월,
전쟁과 평화 세트 [ 전4권 ],레프 톨스토이 저/연진희 역 | 민음사 | 2018년 06월,http://www.yes24.com/Product/Goods/63018097,레프 톨스토이 저/연진희 역 , 민음사 , 2018년 06월,레프 톨스토이
알베르 카뮈 대표작 세트 이방인+페스트+시지프 신화 [ 전3권 ],알베르 까뮈 저/김화영 역 | 민음사 | 2016년 04월,http://www.yes24.com/Product/Goods/29330688,알베르 까뮈 저/김화영 역 , 민음사 , 2016년 04월,알베르 까뮈
TIME 선정 100대 영문 소설 컬렉션 TIME SET [ 전11권 ],민음사 편 | 민음사 | 2015년 06월,http://www.yes24.com/Product/Goods/18235523,민음사 편 , 민음사 , 2015년 06월,
노벨 문학상 컬렉션 NOBEL SET [ 전11권 ],민음사 편 | 민음사 | 2015년 06월,http://www.yes24.com/Product/Goods/18235507,민음사 편 , 민음사 , 2015년 06월,
꼭 한번 읽어야 할 세계 문학 컬렉션 MUST SET [ 전10권 ],민음사 편 | 민음사 | 2015년 06월,http://www.yes24.com/Product/Goods/18235444,민음사 편 , 민음사 , 2015년 06월,
미국 SAT 추천 컬렉션 SAT SET [ 전13권 ],민음사 편 | 민음사 | 2015년 06월,http://www.yes24.com/Product/Goods/18235435,민음사 편 , 민음사 , 2015년 06월,
"신곡 세트 [ 전3권, 특별부록 : 단테 노트 ]",단테 저/박상진 역 | 민음사 | 2013년 08월,http://www.yes24.com/Product/Goods/9387098,단테 저/박상진 역 , 민음사 , 2013년 08월,단테
헤르만 헤세 컬렉션 세트 [ 전9권 ],헤르만 헤세 저/황승환 역 | 민음사 | 2013년 02월,http://www.yes24.com/Product/Goods/8420917,헤르만 헤세 저/황승환 역 , 민음사 , 2013년 02월,헤르만 헤세
헤밍웨이 컬렉션 세트 [ 전5권 ],어네스트 밀러 헤밍웨이 저/김욱동 역 | 민음사 | 2013년 02월,http://www.yes24.com/Product/Goods/8420673,어네스트 밀러 헤밍웨이 저/김욱동 역 , 민음사 , 2013년 02월,어네스트 밀러 헤밍웨이
뮤지컬 세트 레 미제라블 + 위키드 [ 전10권 ],편집부 편 | 민음사 | 2012년 12월,http://www.yes24.com/Product/Goods/8207633,편집부 편 , 민음사 , 2012년 12월,
셰익스피어 4대 비극 컬렉션 세트 [ 전4권 ],윌리엄 셰익스피어 저 | 민음사 | 2012년 11월,http://www.yes24.com/Product/Goods/7979861,윌리엄 셰익스피어 저 , 민음사 , 2012년 11월,윌리엄 셰익스피어
안나 카레니나 세트 [ 전3권(케이스 포함) ],레프 톨스토이 저 | 민음사 | 2012년 11월,http://www.yes24.com/Product/Goods/7979860,레프 톨스토이 저 , 민음사 , 2012년 11월,레프 톨스토이
카라마조프 가의 형제들 세트 [ 전3권 ],표도르 도스토예프스키 저/김연경 역 | 민음사 | 2012년 11월,http://www.yes24.com/Product/Goods/7979858,표도르 도스토예프스키 저/김연경 역 , 민음사 , 2012년 11월,표도르 도스토예프스키
레 미제라블 세트 [ 전5권 ],빅토르 위고 저 | 민음사 | 2012년 11월,http://www.yes24.com/Product/Goods/7957394,빅토르 위고 저 , 민음사 , 2012년 11월,빅토르 위고
세계문학전집 F 세트 251~300 [ 전50권 ],편집부 | 민음사 | 2011년 08월,http://www.yes24.com/Product/Goods/8063695,편집부 , 민음사 , 2011년 08월,
세계문학전집 D 세트 153~200 [ 전48권 ],편집부 | 민음사 | 2011년 08월,http://www.yes24.com/Product/Goods/5472152,편집부 , 민음사 , 2011년 08월,
세계문학전집 E 세트 201~250 [ 전50권 ],편집부 | 민음사 | 2011년 08월,http://www.yes24.com/Product/Goods/5472145,편집부 , 민음사 , 2011년 08월,
세계문학전집 C 세트 105~152 [ 전47권 ],편집부 | 민음사 | 2011년 08월,http://www.yes24.com/Product/Goods/5472143,편집부 , 민음사 , 2011년 08월,
세계문학전집 B 세트 51~104 [ 전54권 ],편집부 | 민음사 | 2011년 08월,http://www.yes24.com/Product/Goods/5472139,편집부 , 민음사 , 2011년 08월,
세계문학전집 A 세트 1~50 [ 전50권 ],편집부 | 민음사 | 2011년 08월,http://www.yes24.com/Product/Goods/5472134,편집부 , 민음사 , 2011년 08월,
민음사 세계문학전집 세트 (250권),윌리엄 셰익스피어 등저 | 민음사 | 2011년 08월,http://www.yes24.com/Product/Goods/5468634,윌리엄 셰익스피어 등저 , 민음사 , 2011년 08월,
이방인+페스트 카뮈 세트,알베르 까뮈 저/김화영 역 | 민음사 | 2011년 03월,http://www.yes24.com/Product/Goods/25538371,알베르 까뮈 저/김화영 역 , 민음사 , 2011년 03월,알베르 까뮈
민음사 세계문학 전집 논술 세트 [ 전30권 ],"프란츠 카프카,조지 오웰,마크 트웨인 등저 / 전영애,도정일,김욱동 등역 | 민음사 | 2010년 11월",http://www.yes24.com/Product/Goods/4415708,"프란츠 카프카,조지 오웰,마크 트웨인 등저 / 전영애,도정일,김욱동 등역 ", 민음사 , 2010년 11월,
민음사 세계문학전집 특별판 [ 전10권 ],"헤르만 헤세 저/마누엘 푸익 등저/송병선,전영애 등역 | 민음사 | 2009년 01월",http://www.yes24.com/Product/Goods/3265477,"헤르만 헤세 저/마누엘 푸익 등저/송병선,전영애 등역 ", 민음사 , 2009년 01월,헤르만 헤세
햄릿 + 로미오와 줄리엣 세트 [ 전 2권 ],윌리엄 셰익스피어 저 | 민음사 | 2008년 02월,http://www.yes24.com/Product/Goods/12811077,윌리엄 셰익스피어 저 , 민음사 , 2008년 02월,윌리엄 셰익스피어
"제인 에어 세트 [ 특별구성, 전 2권 ]",샬롯 브론테 저 | 민음사 | 2004년 10월,http://www.yes24.com/Product/Goods/5078988,샬롯 브론테 저 , 민음사 , 2004년 10월,샬롯 브론테
민음사 세계문학전집 100권 세트,편집부 저 | 민음사 | 2004년 04월,http://www.yes24.com/Product/Goods/1377191,편집부 저 , 민음사 , 2004년 04월,편집부
"영혼의 집 1, 2 세트 [ 전2권 ]",이사벨 아옌데 저/권미선 역 | 민음사 | 2003년 07월,http://www.yes24.com/Product/Goods/103012737,이사벨 아옌데 저/권미선 역 , 민음사 , 2003년 07월,이사벨 아옌데
백년의 고독 세트 [ 전2권 ],가브리엘 가르시아 마르케스 저/조구호 역 | 민음사 | 2000년 01월,http://www.yes24.com/Product/Goods/12993404,가브리엘 가르시아 마르케스 저/조구호 역 , 민음사 , 2000년 01월,가브리엘 가르시아 마르케스
파우스트 세트 [ 전2권 ],요한 볼프강 폰 괴테 저 | 민음사 | 1999년 03월,http://www.yes24.com/Product/Goods/15112001,요한 볼프강 폰 괴테 저 , 민음사 , 1999년 03월,요한 볼프강 폰 괴테
버지니아 울프+프랑수아즈 사강 세트 자기만의 방+브람스를 좋아하세요... [ 전2권 ],"프랑수아즈 사강,버지니아 울프 저/김남주,이미애 역 | 민음사 | 0001년 01월",http://www.yes24.com/Product/Goods/29333925,"프랑수아즈 사강,버지니아 울프 저/김남주,이미애 역 ", 민음사 , 0001년 01월,"프랑수아즈 사강,버지니아 울프"
미국을 대표하는 문학 고전 세트 호밀밭의 파수꾼+위대한 개츠비+주홍 글자,"나다니엘 호손,F. 스콧 피츠제럴드,제롬 데이비드 샐린저 저/김욱동,공경희 역 | 민음사 | 0001년 01월",http://www.yes24.com/Product/Goods/29333749,"나다니엘 호손,F. 스콧 피츠제럴드,제롬 데이비드 샐린저 저/김욱동,공경희 역 ", 민음사 , 0001년 01월,"나다니엘 호손,F. 스콧 피츠제럴드,제롬 데이비드 샐린저"
