,0
0,변신이야기 1
1,한국단편문학선 1
2,춘향전
3,페르디두르케
4,포르노그라피아
5,인간 실격
6,네루다의 우편배달부
7,이탈리아 기행 1
8,이탈리아 기행 2
9,나무 위의 남작
10,달콤 쌉싸름한 초콜릿
11,제인 에어 1
12,인간의 굴레에서 1
13,제인 에어 2
14,크눌프
15,시계태엽 오렌지
16,파리의 노트르담 1
17,파리의 노트르담 2
18,새로운 인생
19,로드 짐 1
20,로드 짐 2
21,폭풍의 언덕
22,텔크테에서의 만남
23,인간의 굴레에서 2
24,검찰관
25,안개
26,나사의 회전
27,피츠제럴드 단편선 1
28,목화밭의 고독 속에서
29,돼지꿈
30,라셀라스
31,리어 왕
32,쿠오 바디스 1
33,쿠오 바디스 2
34,이반 데니소비치 수용소의 하루
35,자기만의 방
36,시르트의 바닷가
37,이성과 감성
38,바덴바덴에서의 여름
39,새로운 인생
40,무지개 1
41,무지개 2
42,인생의 베일
43,보이지 않는 도시들
44,연초 도매상 1
45,나사니엘 호손 단편선
46,연초 도매상 2
47,연초 도매상 3
48,플로스 강의 물방앗간 1
49,플로스 강의 물방앗간 2
50,연인
51,이름 없는 주드 1
52,이름 없는 주드 2
53,제49호 품목의 경매
54,성역
55,무진기행
56,나의 미카엘
57,신곡 지옥편
58,신곡 연옥편
59,신곡 천국편
60,구덩이
61,카라마조프가의 형제들 1
62,카라마조프가의 형제들 2
63,카라마조프가의 형제들 3
64,지상의 양식
65,밤의 군대들
66,주홍 글자
67,중국신화전설 1
68,깊은 강
69,욕망이라는 이름의 전차
70,마사 퀘스트
71,운명의 딸 1
72,운명의 딸 2
73,모렐의 발명
74,삼국유사
75,풀잎은 노래한다
76,파리의 우울
77,포스트맨은 벨을 두 번 울린다
78,중국신화전설 2
79,썩은 잎
80,오늘을 잡아라
81,모든 것이 산산이 부서지다
82,한여름밤의 꿈
83,로미오와 줄리엣
84,분노의 포도 1
85,분노의 포도 2
86,괴테와의 대화 1
87,괴테와의 대화 2
88,그물을 헤치고
89,브람스를 좋아하세요...
90,고리오 영감
91,카타리나 블룸의 잃어버린 명예
92,에덴의 동쪽 1
93,에덴의 동쪽 2
94,순수의 시대
95,도둑 일기
96,나자
97,캐치-22 1
98,캐치-22 2
99,숄로호프 단편선
100,말
101,파리대왕
102,보이지 않는 인간 1
103,보이지 않는 인간 2
104,왑샷 가문 연대기
105,왑샷 가문 몰락기
106,필립과 다른 사람들
107,하드리아누스 황제의 회상록 1
108,하드리아누스 황제의 회상록 2
109,소피의 선택 1
110,소피의 선택 2
111,피츠제럴드 단편선 2
112,변신이야기 2
113,한국단편문학선 2
114,홍길동전
115,요술 부지깽이
116,북호텔
117,톰 소여의 모험
118,금오신화
119,테스 1
120,테스 2
121,브루스터플레이스의 여자들
122,더 이상 평안은 없다
123,그레인지 코플랜드의 세 번째 인생
124,파우스트 1
125,어느 시골 신부의 일기
126,타라스 불바
127,위대한 유산 1
128,위대한 유산 2
129,면도날
130,성채 1
131,성채 2
132,오이디푸스 왕
133,세일즈맨의 죽음
134,안나 카레니나 1
135,파우스트 2
136,안나 카레니나 2
137,안나 카레니나 3
138,오스카 와일드 작품선
139,벨아미
140,파스쿠알 두아르테 가족
141,시칠리아에서의 대화
142,길 위에서 1
143,길 위에서 2
144,우리 시대의 영웅
145,아우라
146,빌헬름 마이스터의 수업시대 1
147,클링조어의 마지막 여름
148,리스본의 겨울
149,뻐꾸기 둥지 위로 날아간 새
150,페널티킥 앞에 선 골키퍼의 불안
151,참을 수 없는 존재의 가벼움
152,"바다여, 바다여 1"
153,"바다여, 바다여 2"
154,한 줌의 먼지
155,뜨거운 양철 지붕 위의 고양이 / 유리 동물원
156,지하로부터의 수기
157,빌헬름 마이스터의 수업시대 2
158,키메라
159,반쪼가리 자작
160,벌집
161,불멸
162,파우스트 박사 1
163,파우스트 박사 2
164,사랑할 때와 죽을 때
165,누가 버지니아 울프를 두려워하랴
166,인형의 집
167,위폐범들
168,젊은 베르테르의 슬픔
169,무정
170,의지와 운명 1
171,의지와 운명 2
172,폭력적인 삶
173,거장과 마르가리타
174,경이로운 도시 1
175,경이로운 도시 2
176,야콥을 둘러싼 추측들
177,왕자와 거지
178,존재하지 않는 기사
179,이피게니에.스텔라
180,눈 먼 암살자 1
181,눈 먼 암살자 2
182,베니스의 상인
183,말리나
184,사볼타 사건의 진실
185,뒤렌마트 희곡선
186,이방인
187,페스트
188,검은 튤립
189,베를린 알렉산더 광장 1
190,다섯째 아이
191,베를린 알렉산더 광장 2
192,하얀 성
193,푸슈킨 선집
194,유리알 유희 1
195,유리알 유희 2
196,픽션들
197,신의 화살
198,빌헬름 텔 / 간계와 사랑
199,노인과 바다
200,무기여 잘 있어라
201,삶의 한가운데
202,태양은 다시 떠오른다
203,알레프
204,일곱 박공의 집
205,에마
206,죄와 벌 1
207,죄와 벌 2
208,시련
209,모두가 나의 아들
210,누구를 위하여 종은 울리나 1
211,누구를 위하여 종은 울리나 2
212,농담
213,구르브 연락 없다
214,데카메론 1
215,데카메론 2
216,데카메론 3
217,나누어진 하늘
218,제브데트 씨와 아들들 1
219,제브데트 씨와 아들들 2
220,여인의 초상 1
221,여인의 초상 2
222,"압살롬, 압살롬!"
223,햄릿
224,야성의 부름
225,롤리타
226,이상 소설 전집
227,레 미제라블 1
228,레 미제라블 2
229,레 미제라블 3
230,레 미제라블 4
231,레 미제라블 5
232,관객모독
233,더블린 사람들
234,에드거 앨런 포 단편선
235,보이체크·당통의 죽음
236,아메리칸
237,노르웨이의 숲
238,운명론자 자크와 그의 주인
239,헤밍웨이 단편선 1
240,헤밍웨이 단편선 2
241,피라미드
242,닫힌 방 · 악마와 선한 신
243,등대로
244,한국 희곡선 1
245,한국 희곡선 2
246,여자의 일생
247,양철북 1
248,의식
249,육체의 악마
250,감정 교육 1
251,감정 교육 2
252,불타는 평원
253,위대한 몬느
254,라쇼몬
255,반바지 당나귀
256,정복자들
257,우리 동네 아이들 1
258,양철북 2
259,우리 동네 아이들 2
260,개선문 1
261,개선문 2
262,사바나의 개미 언덕
263,게걸음으로
264,코스모스
265,"좁은 문, 전원교향곡, 배덕자"
266,암 병동 1
267,암 병동 2
268,피의 꽃잎들
269,백년의 고독 1
270,운명
271,벌거벗은 자와 죽은 자 1
272,벌거벗은 자와 죽은 자 2
273,시지프 신화
274,뇌우
275,모옌 중단편선
276,일야서
277,상속자들
278,설득
279,히로시마 내 사랑
280,백년의 고독 2
281,오 헨리 단편선
282,올리버 트위스트 1
283,올리버 트위스트 2
284,전쟁과 평화 1
285,전쟁과 평화 2
286,전쟁과 평화 3
287,전쟁과 평화 4
288,다시 찾은 브라이즈헤드
289,아무도 대령에게 편지하지 않다
290,사양
291,마담 보바리
292,좌절
293,닥터 지바고 1
294,닥터 지바고 2
295,노생거 사원
296,개구리
297,마왕
298,맨스필드 파크
299,이선 프롬
300,여름
301,나는 고백한다 1
302,거미 여인의 키스
303,나는 고백한다 2
304,나는 고백한다 3
305,태엽 감는 새 연대기 1
306,태엽 감는 새 연대기 2
307,태엽 감는 새 연대기 3
308,대사들 1
309,대사들 2
310,족장의 가을
311,핏빛 자오선
312,모두 다 예쁜 말들
313,달과 6펜스
314,국경을 넘어
315,평원의 도시들
316,만년
317,반항하는 인간
318,악령 1
319,악령 2
320,악령 3
321,태평양을 막는 제방
322,남아 있는 나날
323,앙리 브륄라르의 생애
324,폴란드의 풍차
325,찻집
326,태어나지 않은 아이를 위한 기도
327,서머싯 몸 단편선 1
328,서머싯 몸 단편선 2
329,케이크와 맥주
330,월든
331,모래 사나이
332,검은 책 1
333,검은 책 2
334,방랑자들
335,변신 시골의사
336,독일어 시간 1
337,"시여, 침을 뱉어라"
338,환락의 집 1
339,환락의 집 2
340,아버지와 자식
341,청부 살인자의 성모
342,독일어 시간 2
343,말테의 수기
344,감옥에서 보낸 편지
345,고도를 기다리며
346,데미안
347,젊은 예술가의 초상
348,카탈로니아 찬가
349,호밀밭의 파수꾼
350,파르마의 수도원 1
351,파르마의 수도원 2
352,동물농장
353,수레바퀴 아래서
354,내 이름은 빨강 1
355,황제를 위하여 1
356,내 이름은 빨강 2
357,황제를 위하여 2
358,오셀로
359,조서 調書
360,모래의 여자
361,부덴브로크가의 사람들 1
362,부덴브로크가의 사람들 2
363,싯다르타
364,아들과 연인 1
365,허클베리 핀의 모험
366,아들과 연인 2
367,설국
368,벨킨 이야기ㆍ스페이드 여왕
369,넙치 1
370,넙치 2
371,소망 없는 불행
372,나르치스와 골드문트
373,황야의 이리
374,뻬쩨르부르그 이야기
375,밤으로의 긴 여로
376,암흑의 핵심
377,체호프 단편선
378,버스 정류장
379,구운몽
380,대머리 여가수
381,이솝 우화집
382,위대한 개츠비
383,푸른 꽃
384,1984
385,영혼의 집 1
386,영혼의 집 2
387,토니오 크뢰거 · 트리스탄 · 베니스에서의 죽음
388,첫사랑
389,내가 죽어 누워 있을 때
390,런던 스케치
391,팡세
392,질투
393,채털리 부인의 연인 1
394,채털리 부인의 연인 2
395,그 후
396,오만과 편견
397,부활 1
398,부활 1
399,문학이란 무엇인가
400,부활 2
401,부활 2
402,"방드르디, 태평양의 끝"
403,미겔 스트리트
404,뻬드로 빠라모
405,차라투스트라는 이렇게 말했다
406,적과 흑 1
407,적과 흑 2
408,콜레라 시대의 사랑 1
409,콜레라 시대의 사랑 2
410,맥베스
411,조지 오웰 대표작 세트
412,세계문학전집 J세트
413,연인 + 태평양을 막는 제방
414,악령 1~3 세트
415,태엽 감는 새 연대기 1~3 세트
416,제인 오스틴 선집 세트
417,세계문학전집 B세트
418,"내 이름은 빨강 1,2 세트"
419,소망 없는 불행 + 페널티킥 앞에 선 골키퍼의 불안 + 관객모독
420,세계문학전집 I세트
421,세계문학전집 H세트
422,세계문학전집 G세트
423,세계문학전집 F세트
424,세계문학전집 E세트
425,세계문학전집 D세트
426,세계문학전집 C세트
427,세계문학전집 B세트
428,세계문학전집 A세트
429,전쟁과 평화 세트
430,알베르 카뮈 대표작 세트
431,TIME 선정 100대 영문 소설 컬렉션
432,노벨 문학상 컬렉션
433,꼭 한번 읽어야 할 세계 문학 컬렉션
434,미국 SAT 추천 컬렉션
435,신곡 세트
436,헤르만 헤세 컬렉션 세트
437,헤밍웨이 컬렉션 세트
438,뮤지컬 세트
439,셰익스피어 4대 비극 컬렉션 세트
440,안나 카레니나 세트
441,카라마조프 가의 형제들 세트
442,레 미제라블 세트
443,세계문학전집 F 세트
444,세계문학전집 D 세트
445,세계문학전집 E 세트
446,세계문학전집 C 세트
447,세계문학전집 B 세트
448,세계문학전집 A 세트
449,민음사 세계문학전집 세트 (250권)
450,이방인+페스트 카뮈 세트
451,민음사 세계문학 전집 논술 세트
452,민음사 세계문학전집 특별판
453,햄릿 + 로미오와 줄리엣 세트
454,제인 에어 세트
455,민음사 세계문학전집 100권 세트
456,"영혼의 집 1, 2 세트"
457,백년의 고독 세트
458,파우스트 세트
459,버지니아 울프+프랑수아즈 사강 세트
460,미국을 대표하는 문학 고전 세트
