0,0,1,2,3
http://www.yes24.com/Product/Goods/17364,처음은 황금의 시대였다. 이 시대에는 관리도 없었고 법률도 없었다...형벌도 알지 못했고...소나무만 하더라도 고향 산천에서 무참하게 잘리고..타관으로 끌려 가지 않아도 좋았다. 마을에 전쟁용 참호 같은 것이 있을 필요도 없었다.,"바다도 없고 땅도 없고 만물을 덮는 하늘도 없었을 즈음 자연은, 온 우주를 둘러보아도 그저 막막하게 퍼진 듯한 펑퍼짐한 모양을 하고 있었다. 이 막막하게 퍼진 것을 카오스라고 하는데 이 카오스는 형상도 질서도 없는 하나의 덩어리에 지나지 못했다. 말하자면 생명이 없는 최적물 사물로 굳어지지 못한 모든 요소가 구획도 없이 밀치락 달치락하고 있는 상태일 뿐이었다. 여기에는 아직 이 세상에다 넉넉하게 빛을 던져줄 티탄도 없었고, 날이 감에 따라 초승달의 활시위를 부풀려가는 포이베도 없었다. 대지는 아직 그 대지를 감싸주는 대기 안에서 제 무게를 감당할 형편이 못 되었고 암피트리테도 땅의 가장자리를 따라 그 팔을 뻗을 형편이 못 되었다.",,
http://www.yes24.com/Product/Goods/57202,,,,
http://www.yes24.com/Product/Goods/1377188,,,,
http://www.yes24.com/Product/Goods/1387489,,,,
http://www.yes24.com/Product/Goods/1387490,,,,
http://www.yes24.com/Product/Goods/1387488,"또 다른 한 장의 사진이 가장 기괴하다. 이제는 나이를 짐작할 수도 없을 정도다. 머리는 희끗희끗하다. 그런 남자가 몹시 더러운 방(방 벽이 세 군데 정도 허물어져 내린 것이 그 사진에 뚜렷하게 찍혀 있었다.) 한쪽 구석에서 작은 화로에 양손을 쪼이고 있는데, 이번에는 웃고 있지 않다. 아무런 표정이 없다. 말하자면 쭈그리고 앉아 화로에 양손을 쪼이다가 그냥 그대로 죽어간 것 같은, 정말로 기분 나쁘고 불길한 냄새를 풍기는 사진이다. 이상한 것은 그뿐이 아니다. 그 사진에는 얼굴이 비교적 크게 찍혀 있어서 그 생김새를 자세히 살펴볼 수가 있었는데 이마도 평범, 이마의 주름도 평범, 눈썹도 평범, 눈도 평범, 코도 입도 턱도... 아아, 그 얼굴에는 표정이 없을 뿐만 아니라 인상조차 없다. 특징이 없는 것이다. 예컨대 내가 이 사진을 보고 나서 눈을 감는다 치자. 나는 이미 그 얼굴을 잊어버렸다. 방 벽과 작은 화로는 생각나지만 방 주인의 얼굴은 안개가 스러지듯 사라져서 아무리 애를 써도 떠오르지 않는다. 그림이 그려지지 않는 얼굴이다. 만화조차도 안 된다. 눈을 뜬다. 아아, 이런 얼굴이었지. 이제 생각났다. 이런 기쁨조차 없다. 극단적으로 말하자면 눈을 뜨고 사진을 다시 봐도 생각나지 않는 얼굴이다. 그저 무턱대고 역겹고 짜증나고, 나도 모르게 눈길을 돌리고 싶어진다.

소위 '죽을 상'이라는 것에도 뭔가 좀 더 표정이라든가 인상이라든가 그런 것이 있을 텐데, 사람 몸뚱이에다 짐 끄는 말의 목이라도 갖다 붙이면 이런 인상이 되려나? 어쨌든 딱히 무엇 떄문이랄 수도 없이 보는 사람을 섬뜩하고 역겹게 한다. 나는 지금까지 이렇게 기묘한 얼굴의 남자를 역시 본 적이 한번도 없다.","저희는 그때 희극 명사, 비극 명사 알아맞히기 놀이를 하였습니다. 이것은 제가 발명한 놀이로, 명사에는 모두 남성명사, 여성명사, 중성명사 등의 구별이 있는데 그렇다면 희극 명사, 비극 명사의 구별도 있어야 마땅하다. 예컨대 증기선과 기차는 둘 다 비극명사고 전철과 버스는 둘 다 희그 명사다. 왜 그런지를 이해 못하는 자는 예술을 논할 자격이 없다. 희극에 하나라도 비극 명사를 삽입하는 극작가는 이이 그것만으로도 낙제. 비극의 경우도 똑같다는 논법입니다.
""자, 준비됐어? 담배는?""
제가 묻습니다.
""비(비극명사의 준말).""
호리키가 일언지하에 대답합니다.
""약은?""
""가루약이야 알약이야?""
""주사.""
""비.""
""그럴까? 호르몬 주사도 있는데 말이야.""
""아니야 단연코 비지. 주사 바늘이라는 게 우선 훌륭한 비 아닌가?""
""좋아 인정해 주지. 그렇지만 자네, 약이나 의사는 말이야, 그래 보여도 제법 희(희극명사의 준말)라고. 죽음은?""
""희. 목사도 중도 그렇지.""
""아주 잘했어.그리고 삶은 비지.""
""아니. 그것도 희.""
'아니야. 그렇게 되면 모든 게 희가 돼버려. 그럼 하나만 더 묻겠는데, 만화가는? 설마하니 희라고 하지는 않겠지.""
""비, 비. 대비극 명사.""
""뭐야, 대(大)비는 자네 쪽이지.""
이런 시시껄렁한 익살이 되어버리면 재미없습니다만, 저희는 그 놀이가 일찍이 온 세상의 살롱에 한번도 존재한 적 없는 극히 재치있는 놀이라고 득의만만해하고 있었던 것입니다.","어제는 테쓰한테 칼모틴을 사오라고 마을 약국에 심부름을 보냈더니 여느 때의 상자와는 다른 칼모틴을 사왔는데, 그다지 신경 쓰지 않고 자기 전에 열 알 정도 먹고 나서 도통 잠이 오지 않아 이상하게 생각하고 있던 차에 배가 이상해져서 서둘러 화장실에 갔더니 맹렬한 설사가이어졌습니다. 게다가 그러고 나서도 연달아 세 번이나 화장실에 갔던 것입니다. 하도 이상해서 약상자를 잘 살펴보니 그것은 헤노모틴이라는 설사약이었습니다.
저는 똑바로 누워서 배에 유단포를 올려놓고, 테쓰에게 잔소리를 하려고 했습니다.
""이봐, 이건 칼모틴이 아니야. 헤노모틴이지.""
그렇게 말하다 말고 후후 웃어버렸습니다. 아무래도 '폐인'이란 단어는 희극 명사인 것 같습니다. 잠들려고 먹은 것이 설사약이고, 게다가 그 설사약 이름은 헤노모틴이라니.",
http://www.yes24.com/Product/Goods/1398241,"""왜 다른 편지보다 먼저 뜯어보시죠?""
""스웨덴에서 온 거니까.""
""여자 빼면 스웨덴에 별게 있나요?""
네루다는 묵직한 눈꺼풀의 소유자임에도 불구하고 눈을 깜빡거렸다.
""노벨 문학상이 있지.""
""선생님께 줄 거예요.""
""준다면 거절하진 않을 걸세.""
""상금이 얼만데요?""
벌써 편지 내용을 파악한 시인은 가볍게 대꾸했다.
""15만 250불""
마리오는 농담 삼아 '그리고 50센트'라고 덧붙이려 했다. 그러나 얼토당토않은 당돌함을 본능적으로 억누르고 대신 좀 더 완곡하게 물었다.
""그리고요?""
""응?""
""노벨상을 준대요?""
""그럴 수도 있지만 올해는 유력한 후보들이 있다네.""
""왜요?""
""명작들을 썼으니까""
""다른 편지들은요?""
시인은 한숨을 쉬며 말했다.
""나중에 읽지.""
""아!""
마리오는 대화가 끝나가고 있음을 예감했다. 그래서 유일한 수신인인 네루다의 평소 분위기처럼 침묵 속으로 빠져 들었다. 마리오가 너무나 조용히 있는 바람에 시인이 질문을 하게 되었다.
""무슨 생각을 하고 있는 건가?""
""다른 편지들 내용을요. 사랑의 편지일까요?""
육중한 시인이 기침을 해댔다.
""이봐, 나는 결혼했다고! 마틸데가 듣겠네!""
""죄송합니다.""
네루다는 급히 호주머니를 뒤적거려 지폐 한 장을 꺼냈다. 평상시보다 후한 액수였다. 마리오는 돈 때문이 아니라 눈앞에 닥쳐온 이별 때문에 괴로워하며 ""감사합니다""라고 말했다. 그 슬픔이 마리오를 돌부처로 만들었다. 걱정스러울 정도였다. 집 안으로 들어가려던 시인은 마리오가 드러내놓고 풀 죽어 하는 통에 왜 그러는지 궁금해졌다.
""무슨 일 있나?""
""네?""
""전봇대처럼 서 있잖아.""
마리오는 고개를 돌려 시인의 눈을 찾아 올려다보았다.
""창처럼 꽂혀 있다고요?""
""아니, 체스의 탑처럼 고즈넉해.""
""도자기 고양이보다 더 고요해요?""
네루다는 문손잡이를 놓고 턱을 어루만졌다.
""마리오, 내게는 '일상송가'보다 훨씬 더 괜찮은 책들이 있네. 그리고 온갖 메타포로 나를 시험에 들게 하는 건 부당한 일이야.""
""뭐라고요?""
""메타포라고!""
""그게 뭐죠?""","(침묵) 좋아요. 여기까지는 시고요, 지금부터는 원하시던 소리들입니다.
첫째, 이슬라 네그라 종루의 바람 소리. (바람 소리가 일분쯤 계속된다)
둘째, 제가 이슬레 네그라 종루의 큰 종을 울리는 소리. (종소리가 일곱 번 울린다)
셋째, 이슬라 네그라 바윗가의 파도 소리. (아마도 폭풍우가 치던 날에 녹음한 듯, 바위에 거세게 부서지는 파도 소리를 편집한 것이다)
넷째, 갈매기 울음소리. (이 분간 기묘한 스테레오 음이 난다. 녹음한 사람이, 앉아 있는 갈매기들 쪽으로 살금살금 다가가서 새들을 놀래 날려 보낸 듯하다. 그래서 새 울음소리뿐만 아니라 절제미가담긴 무수한 날갯짓 소리 역시 들을 수 있다. 중간에 사십오 초 지날 즈음에 마리오의 목소리가 들린다. ""염병할, 울란 말이야.""라고 소리 지른다.)
다섯째, 벌집 (거의 삼분간 윙윙거리는 위험천만한 주음향이 들리고 배경음으로는 개 짖는 소리와 무슨 종류인지 모를 새들의 지저귀는 소리가 녹음되었다)
여섯째, 파도가 물러가는 소리. (녹음의 절정의 순간으로, 큰 파도가 요란하게 모래를 쓸어 가다가 새로운 파도와 뒤섞일 때까지의 소리를 마이크가 매우 가깝게 쫓은 듯하다. 마리오가 내리 쏟아지는 파도 옆을 달리다가 바다로 뛰어들어 파도끼리 절묘하게 섞이는 것을 녹음했을 수도 있다)
그리고 일곱째, (분명히 긴박함이 깃든 격앙된 음성이었고, 침묵이 뒤를 잇는다) 파블로 네프탈리 히메네스 곤살레스 군. (갓 태어난 아기가 쩌렁쩌렁 우는 소리가 십 분쯤 지속된다.)",,
http://www.yes24.com/Product/Goods/1405848,,,,
http://www.yes24.com/Product/Goods/1405851,,,,
http://www.yes24.com/Product/Goods/1406852,,,,
http://www.yes24.com/Product/Goods/1422121,,,,
http://www.yes24.com/Product/Goods/1426188,,,,
http://www.yes24.com/Product/Goods/17378,,,,
http://www.yes24.com/Product/Goods/1426190,,,,
http://www.yes24.com/Product/Goods/1440642,,,,
http://www.yes24.com/Product/Goods/1447952,"“그 요법은 아직까지 사용된 적이 없어. 이 교도소에서도 말이야, 6655321번. ‘그분’도 그것에 대해선 깊이 회의하시거든. 나도 그 회의에 공감한다고 말해야겠구나. 문제는 그 요법이 과연 진짜로 사람을 선하게 만들 수 있는가 하는 것이지. 선함이란 내면에서 우러나오는 것이란다, 6655321번아. 선함이란 우리가 선택해야 하는 어떤 것이야. 선택할 수 없을 때는 진정한 인간이 될 수가 없는 거야.” --- p.138~139

“너는 착한 아이로 만들어질 거다, 6655321번, 얘야. 결코 다시는 폭력을 휘두르고 싶거나 국가의 평온을 해치는 어떤 일도 저지를 욕망이 일어나지 않을 거다. 난 네가 그것을 모두 고려하면 좋겠다. 그 점에 대해 너 스스로 진짜 분명하게 하면 좋겠구나.” --- p.153

“착하게 되는 것이 좋지 않을지도 모른다, 6655321번아. 착하게 된다는 것은 끔찍한 일일 수도 있어. 말하고 보니 자기모순이라는 생각이 드는구나. 이번 일 때문에 나는 며칠 동안 잠 못 들어 할 거야. 신은 무엇을 원하시는 걸까? 신은 선 그 자체와 선을 선택하는 것 중에서 어떤 것을 원하시는 걸까? 어떤 의미에서는 악을 선택하는 사람이 강요된 선을 받아들여야 하는 사람보다는 낫지 않을까? (……)” --- p.154

“통제한다는 것은 항상 어려운 일이야. 세상도 하나고, 인생도 한 번이니까. 인간의 행위 중 가장 감미롭고 꿈만 같은 일도 어느 정도의 폭력을 수반하지, 예를 들면 사랑의 행위라든지 음악 같은 것 말이야. 운을 걸고 선택을 해야 하는 거야, 얘야. 이제껏 선택은 전적으로 네가 내린 것이었어.” --- p.180

“나, 나, 나. 도대체 나는 어쩌라고요? 난 여기서 뭐란 말이야? 내가 무슨 짐승이나 개란 말이야?” 이 말에 놈들은 큰 소리로 떠들면서 나에게 소리치기 시작했지. 그래서 더 큰 소리로 내가 외쳤어. “내가 무슨 태엽으로 움직이는 오렌지란 말이야?” --- p.193

“이 아이는 진정한 기독교인이 될 것입니다.” 브로드스키 박사가 외쳤지. “다른 쪽 뺨을 내밀 준비가 되어 있고, 십자가에 못 박기보다 못 박힐 준비가 된 데다가, 파리 한 마리 죽일 생각만으로도 진정한 고통을 느낄 것입니다.” --- p.195

“자네는, 내 생각에도, 죄를 저질렀어. 그렇지만 그에 대한 처벌이 너무 심했어. 저들은 자네를 인간이 아닌 다른 어떤 것으로 만들었어. 자네에겐 선택할 권리가 더 이상 없는 거지. 자네는 사회가 용납하는 행동만 하게 되었어. 착한 일만 할 수 있는 작은 기계지. 이제 똑똑히 알겠구나, 조건 반사 기법이라는 것에 대해서 말이다. 음악이나 성적인 행동, 문학과 예술, 이 모든 것들이 지금은 즐거움이 아니라 고통을 주는 근원인 게 분명해.” --- p.229

그래, 그래, 바로 그거지. 청춘은 가 버려야만 해, 암 그렇지. 그러나 청춘이란 어떤 의미로는 짐승 같은 것이라고도 볼 수 있어. 아니, 그건 딱히 짐승이라기보다는 길거리에서 파는 쪼끄만 인형과도 같은 거야. 양철과 스프링 장치로 만들어지고 바깥에 태엽 감는 손잡이가 있어서 태엽을 드르륵드르륵 감았다 놓으면 걸어가는 그런 인형. 일직선으로 걸어가다가 주변의 것들에 꽝꽝 부딪히지만, 그건 어쩔 수가 없는 일이지. 청춘이라는 건 그런 쪼끄만 기계 중의 하나와 같은 거야. --- p.270

그리고 내가 지금 가는 곳은, 여러분, 여러분은 갈 수 없는 나 혼자만의 길이야. 내일도 향기로운 꽃이 피겠고, 구린내 나는 세상이 돌아가겠고, 별과 달이 저 하늘에 떠 있을 거고, 여러분의 오랜 동무 알렉스는 홀로 짝을 찾고 있을 거야. 엄청 구리고 더러운 세상이야, 여러분. 자, 이제 여러분의 동무로부터 작별 인사를. 그리고 이 이야기에 나오는 다른 놈들에게는 커다란 야유를. 엿이나 먹으라 그래. 그러나 여러분은 가끔씩 과거의 알렉스를 기억하라고. 아멘, 염병할.",,,
http://www.yes24.com/Product/Goods/1461266,,,,
http://www.yes24.com/Product/Goods/1461268,,,,
http://www.yes24.com/Product/Goods/1463520,,,,
http://www.yes24.com/Product/Goods/1469118,,,,
http://www.yes24.com/Product/Goods/1469119,,,,
http://www.yes24.com/Product/Goods/1470060,,,,
http://www.yes24.com/Product/Goods/1475912,,,,
http://www.yes24.com/Product/Goods/17380,,,,
http://www.yes24.com/Product/Goods/1499298,,,,
http://www.yes24.com/Product/Goods/1511041,,,,
http://www.yes24.com/Product/Goods/1520610,,,,
http://www.yes24.com/Product/Goods/1773653,,,,
http://www.yes24.com/Product/Goods/1785733,,,,
http://www.yes24.com/Product/Goods/1796158,,,,
http://www.yes24.com/Product/Goods/1794977,,,,
http://www.yes24.com/Product/Goods/1812860,,,,
http://www.yes24.com/Product/Goods/1932556,,,,
http://www.yes24.com/Product/Goods/1932559,,,,
http://www.yes24.com/Product/Goods/17377,"저 사람들이 슈호프를 가르키면서, 저 녀석은 출소할 날이 얼마 남지 않았어라고 말하는 것을 들을 때면, 그다지 기분 나쁜 것이 아니다. 그러나 슈호프 자신은 어쩐지 그다지 믿어지지 않는다. 슈호프가 직접 본 일로, 옛날 전쟁중에 형기가 끝난 죄수들을 모두 <추후 상부 방침이 있을 때 까지>, 그러니까 1949년까지 그냥 아무런 이유도 없이 붙잡아뒀다. 게다가 더욱 심한 것은, 누군가 삼 년을 언도 받았는데, 형기를 마치고 나서는 다시 오 년으로 추가형을 받은 경우도 있었다. 법률이란 것은 도무지 믿을 것이 못 된다. 십년을 다 살고 난 다음에, 옜다 이 녀석아, 한 십 년 더 살아라 하게 될지, 아니면 유형살이를 보낼지 누가 알겠는가.","슈호프는 소용소에 들어온 이후로 전에 고향 마을에 있을 때 배불리 먹던 일을 자주 회상하고는 한다. 프라이팬에 구운 감자를 몇 개씩이나 먹어치우던 일이며, 야채를 넣어 끓인 죽을 냄비째 먹던 일, 그리고 식량 사정이 좋았던 옛날에는 제법 큼직한 고깃덩어리를 먹었던 때도 있었고, 게다가 배가 터지도록 우유를 마셔대던 일이 눈앞에 어른거렸다.

그렇게 먹어대는 것이 아니었는데 하고 후회를 해본다. 음식은 그 맛을 음미하면서 천천히 먹어야 제맛을 알 수 있는 것이다. 말하자면, 지금 이 빵조각을 먹듯이 먹어야 하는 법이다. 입 안에 조금씩 넣고, 혀 끝으로 이리저리 굴리면서, 침이 묻어나도록 한 다음에 씹는다. 그러면, 아직 설익은 빵이라도 얼마나 향기로운지 모른다.","배가 따뜻한 놈들이 한데서 떠는 사람의 심정을 무슨 수로 이해하겠는가? 혹한이 온 몸을 움츠리게 한다. 살을 에는 차가운 공기가 슈호프를 엄습해서 기침이 나올 지경이었다. 기온은 영하 이십칠도였고, 슈호프는 열이 삼십 칠 점 이도였다. 자, 이젠 누가 누구를 이길 것인가","그런 다음, 그는 때묻은 얇은 담요를 머리끝까지 뒤집어쓴다. 어느새 침대 사이의 통로엔 점호를 받기 위해 기다리는 옆 반 반원들로 가득하다. 그러나 그런 것에도 아랑곳하지 않는다. 슈호프는 아주 흡족한 마음으로 잠이 든다. 오늘 하루는 그에게 아주 운이 좋은 날이었다. 영창에 들어가지도 않았고, <사회주의 생활단지>로 작업을 나가지도 않았으며, 점심 때는 죽 한 그릇을 속여 더 먹었다. 그리고 반장이 작업량 조정을 잘해서 오후에는 즐거운 마음으로 벽돌쌓기도 했다.

줄칼 조각도 검사에 걸리지 않고 무사히 가지고 들어왔다. 저녁에는 체자리 대신 순번을 맡아주고 많은 벌이를 했으며, 잎담배도 사지 않았는가. 그리고 찌뿌드드하던 몸도 이젠 씻은 듯이 다 나았다. 이렇게 슈호프는 그의 형기가 시작되어 끝나는 날까지 무려 십 년을, 그러니까 날수로 계산하면 삼천육백십삼 일을 보냈다. 사흘을 더 수용소에서 보낸 것은 그 사이에 윤년이 들어 있었기 때문이었다."
http://www.yes24.com/Product/Goods/1943891,,,,
http://www.yes24.com/Product/Goods/1951898,,,,
http://www.yes24.com/Product/Goods/1978012,,,,
http://www.yes24.com/Product/Goods/1988702,,,,
http://www.yes24.com/Product/Goods/2294955,,,,
http://www.yes24.com/Product/Goods/2312701,,,,
http://www.yes24.com/Product/Goods/2312702,,,,
http://www.yes24.com/Product/Goods/2368940,,,,
http://www.yes24.com/Product/Goods/2494911,"수놓은 머리띠는 우아함을, 금도금한 가마는 권력을, 이븐 루슈드의 책들은 학식을, 발찌는 관능을 뜻합니다. 책장을 넘기듯 시선이 거리를 훑고 지나갑니다. 도시는 폐하께서 생각해야 할 모든 것을 말하고 자신의 이야기를 되풀이하게 합니다.","가끔 서로 다른 도시들이 연이어 같은 땅 위에, 같은 이름을 가지고 존재하며, 그런 도시들은 서로를 알지 못한 채, 의사소통 역시 하지 못한 채 태어나고 또 죽어간다는 말을 그들에게 하지 않도록 조심해야 합니다.","잿빛 돌의 도시 페도라의 한가운데에는 금속 건물이 있고 그 건물의 방들에는 유리로 된 공이 하나씩 있습니다. 각가의 우리 공 안을 들여다보면 파란색 도시가 보이는데, 그것은 또 다른 페도라의 모형입니다. 도시가 이런저런 이유로 오늘날 우리가 보는 모습으로 되지 않았더라면 취하게 되었을 형태들입니다.","행복한 도시와 불행한 도시, 그런 식으로 도시들을 둘로 나누기보다는, 여러 해가 흐르고 변화를 거듭해도 욕망에 자신들의 형태를 부여하기를 계속하는 도시와, 욕망에 지워져버리거나 욕망을 지워버리는 도시, 이렇게 두 종류로 나누는 편이 더 의미가 있습니다."
http://www.yes24.com/Product/Goods/2505668,,,,
http://www.yes24.com/Product/Goods/17344,,,,
http://www.yes24.com/Product/Goods/2505669,,,,
http://www.yes24.com/Product/Goods/2505670,,,,
http://www.yes24.com/Product/Goods/2509097,,,,
http://www.yes24.com/Product/Goods/2509098,,,,
http://www.yes24.com/Product/Goods/2546383,"정말이지 사람들이 너무나 나를 보았기 때문에, 나는 내가 사람들의 눈길을 끄는 여자들처럼, 아름다운 다른 여자들처럼 예쁘다고 착각할 뻔했고 그렇게 믿을 뻔했다. 그러나 나는 알고 있다. 아름다움 때문이 아니고 다른 것, 그렇다, 다른 어떤 것. 이를테면 '기질' 때문이라는 것을. 나는 나타내고 싶은 대로 나를 나타낼 수 있다. 사람들이 내가 아름답기를 원하면 아름다워질 수 있었다.","펠트 모자를 쓴 소녀가 강물의 레몬 빛을 온몸으로 받은 채, 난간에 팔꿈치를 괴고 나룻배의 갑판 위에 홀로 서 있다. 남성용 모자가 그 장면을 온통 장밋빛으로 물들이고 있다. 그것이 유일한 색깔이다. 안개가 뿌옇게 서린 강 위의 태양, 그 태양의 열기 속에 강기슭은 지워져 보이지 않는다. 강은 수평선과 맞닿아 버린 것처럼 보인다. 강은 유유히 흐른다. 어떤 소리도 내지 않는다. 몸속에서 흐르는 피처럼, 수면에는 바람 기운조차 없다.","그는 그녀의 얼굴에 코를 대고 냄새를 맡는다. 그는 어린 소녀의 향기를 들이마신다. 두 눈을 감고 그녀의 숨, 그녀가 내쉬는 따뜻한 숨결을 들이마신다. 그녀의 육체는 점점 경계가 희미해지고, 그는 이제 아무것도 분간할 수 없게 된다. 이 육체는, 다른 몸들과 달리, 무한하다. 침실 안에서 그녀의 육체는 점점 확대된다. 정해진 형태도 없다. 육체는 매 순간 생성되어, 그가 보고 있는 곳뿐만 아니라, 다른 곳에도 존재한다. 시야 너머로 퍼져 나가 유희와 죽음을 향해 확장된다.",
http://www.yes24.com/Product/Goods/2546006,,,,
http://www.yes24.com/Product/Goods/2546007,,,,
http://www.yes24.com/Product/Goods/2634250,,,,
http://www.yes24.com/Product/Goods/2658160,,,,
http://www.yes24.com/Product/Goods/2661477,,,,
http://www.yes24.com/Product/Goods/17340,지금 부터는 세상 어느 남자도 이 사람보다 내게 가까운 사람은 없다는 사실을 떠올렸다. 나는 전에 이 아파트에 세들어 살던 사람에게서 거의 공짜로 사들인 이 중고 더블베드에서 새벽녘까지 몸을 뒤척였다. 그 침대는 온통 아라베스크 무늬 조각으로 장식되어 있었고 번쩌거리는 갈색 얼룩이 있었다. 대부분의 오래된 가구들과 마찬가지로 이 침대도 쓸데없이 넓었다. 너무 넓어서 한번은 잠에서 깨서 미카엘이 일어나서 나갔나보다고 생각한 적도 있다. 그는 저기 멀리에 자기잠자리에 푹 파묻혀 있었다. 그는 거의 확실하게 새벽에 내게로 왔다. 육감적이고 격렬하게. 그는 검고 유연하고 조용하게 나타났다.,"우리는 이렇게 만났다. 어느 겨울날 아침 아홉시에 나는 계단을 내려오다가 미끄러졌다. 한 낯선 청년이 내 팔꿈치를 잡아주었다. 그의 손은 강하고 엄청나게 자제력이 있었다. 나는 짧은 손가락과 납작한 손톱을 보았다. 관절 부위가 약간 거뭇한 창백한 손가락이었다. 그는 서둘러 내가 넘어지지 않도록 막아 주었고 나는 아픔이 사라질 때가지 그의 팔에 기대었다.

나는 어찌할 바를 몰랐다. 낯선 사람들 앞에서 갑자기 넘어지는 것은 당활스러운 일이기 때문이다. 탐색하고 묻는 듯한 눈과 심술궂은 미소들. 그가 나를 잡아 주었을 때 나는 어머니가 짜주신 푸른 울 옷소매 사이로 그 사람 손가락의 따스함을 느낄 수 있었다. 예루살렘의 겨울이었다.",보통사람이 철저한 거짓말을 한다는 것은 불가능하다고. 거짓은 늘 저절로 드러나버린다고 말이다. 그건 마치 너무 짧은 담요 같은 것이다. 발을 덮으려고 하면 머리가 드러나고 머리를 덮으면 발이 삐져 나오고. 사람은 그 구실 자체가 불유쾌한 진실을 드러낸다는 사실을 깨닫지 못한채 뭔가 숨기기위해 복잡한 구실을 만들어낸다. 반면에 완전한 진실은 철저하게 파괴적이고 아무런 결과도 가져다 주지 못한다. 보통사람이 무엇을 할 수 있겠는가? 우리들이 할 수 있는 일은 그저 조용히 서서 지켜보는 것뿐이다. 우리가 할 수 있는 것은 것은 그것 뿐이다 조용히 서서 지켜보는 것,"나는 남편을 잠에서 깨우곤 했다. 그의 담요 밑으로 파고들고, 온 힘을 다해 그의 몸에 달라붙고, 그의 몸에서 내가 원하는 자기 통제를 쥐어짜내고, 우리들의 밤은 어느 때보다도 더 격렬해졌다. 나는 미카엘이 내 몸과 자신의 몸에 놀라게 했다. 소설책에서 읽었던 다채로운 방법으로 그를 이끌었다. 영화에서 대충 배운 고통스러운 방법들. 사춘기 때 들었던 키득거리는 여학생들의 소곤거림에 나왔던 모든 것. 가장 흥분되고 고통스러운 남자들의 꿈에 대해서 내가 알고 짐작해 낸 모든 것. 나 자신의 꿈이 가르쳐준 모든 것. 떨리는 환히의 불꽃. 얼음같이 차가운 웅덩이 깊은 곳에서 일어나는 타오르는 경련의 물결. 기분 좋게 부드러운 쓰러짐."
http://www.yes24.com/Product/Goods/2661490,,,,
http://www.yes24.com/Product/Goods/2661491,,,,
http://www.yes24.com/Product/Goods/2661492,,,,
http://www.yes24.com/Product/Goods/2663475,,,,
http://www.yes24.com/Product/Goods/2710341,,,,
http://www.yes24.com/Product/Goods/2710340,,,,
http://www.yes24.com/Product/Goods/2710337,,,,
http://www.yes24.com/Product/Goods/2719175,,,,
http://www.yes24.com/Product/Goods/2717443,"펜타곤 시위의 역사는 결코 공평하게 쓰일 수 없음이 분명하다. 마치 자세히 기록한 역사가 진실을 증명할 수 없는 것과 똑같이! 이 특별한 대결을 다룰 때에는 역사를 쓰고 있다는 자만심을 버려야 하지 않을까? 펜타곤에서 일어난 사건들의 진실은 역사의 방식으로는 기술될 수 없고 오직 소설가의 본능으로만 설명할 수 있다.
--- 본문 중에서

이제 그 두려운 진통의 첫 신호가 왔고 계속될 것이다. 얼마나 계속될지 의사도 모른다. 다만 가짜 진통이 아닌 것만은 확실하다. 아, 진짜다. 이제 아기를 낳을 것이다. 어떤 아기일까? 지금까지 세계가 알아 온 가장 두려운 전체주의? 아니면 이 불쌍한 거인, 몸부림치는 사랑스러운 여인은, 용감하고 부드럽고 유연하며 야생적인 새로운 세상의 아기를 낳을 것인가? 자물쇠로 달려가라. 신이 갇혀 몸부림친다. 자물쇠로 달려가라. 우리를 저주에서 구하라. 결국 우리는 용기, 죽음, 그리고 사랑의 꿈이 달콤한 잠을 약속하는 저 신비로 가는 길에 이르러야만 한다.",,,
http://www.yes24.com/Product/Goods/2743025,,,,
http://www.yes24.com/Product/Goods/1270,"이 산이 용문이라는 이름을 얻게 된 연유는 다음과 같다. 강과 바다에 살고 있던 물고기들이 어느 일정한 시기가 되면 모두 이 산의 절벽 아래로 모여들어 높이뛰기 시합을 했다고 한다. 그 때 그 절벽을 뛰어오른 물고기는 용이 되어 승천할 수 있었고 뛰어넘지 못한 물고기들은 실망한 채로 다시 돌아가 여전히 물고기로 남아 있어야 했다고 한다. 또 다른 전설에 의하면 용문 부근에 이어간이라고 하는 시내가 있었다고 하는데 그 시내에는 잉어가 많이 살고 있었다. 이 잉어들이 동굴 속에서 나와 석 달을 거슬러 올라가 용문강으로 들어가게 되는데, 재주가 있어 용문을 지나 올라간 것은 용이 되었고, 그렇지 못한 것은 머리에 멍만 든 채 돌아와야 했다고 한다.","생각끝에 여와는 몸을 굽혀 땅에서 황토를 파내었다. 그리고 그것을 물과 섞어 둥글게 빚어 인형과 같은 작은 모양을 만들었다. 이것을 땅에 내려놓자 희한하게도 곧 살아 움직이는 것이었다. 그러고는 꽥꽥 소리치며 즐겁게 뛰놀았는데 그가 곧 <인간>이라는 것이었다. 인간의 체구는 비록 작았으나 신이 친히 만든 것이기 때문에 그 모습은 말할 것도 없이 신을 닮았다.

그리고 날아다니는 새나 기어다니는 짐승들과는 달리 우주를 다스릴 만한 기개가 있어보였다. 여와는 그녀 자신의 이 아름다운 창조품에 매우 만족해 하며, 계속해서 손으로 물을 섞어 황토를 반죽하여 수없이 많은 남자와 여자를 만들어 내었다. 벌거벗은 인간들은 모두 여와를 둘러싸고 뛰놀며 즐거워하다가 혼자서, 혹은 무리를 지어 흩어져 갔다.",,
http://www.yes24.com/Product/Goods/2750328,,,,
http://www.yes24.com/Product/Goods/2767451,,,,
http://www.yes24.com/Product/Goods/2784138,,,,
http://www.yes24.com/Product/Goods/2795671,,,,
http://www.yes24.com/Product/Goods/2795672,,,,
http://www.yes24.com/Product/Goods/2813500,,,,
http://www.yes24.com/Product/Goods/2803937,,,,
http://www.yes24.com/Product/Goods/2807595,,,,
http://www.yes24.com/Product/Goods/2821151,,,,
http://www.yes24.com/Product/Goods/2825184,,,,
http://www.yes24.com/Product/Goods/1271,,,,
http://www.yes24.com/Product/Goods/35084734,,,,
http://www.yes24.com/Product/Goods/2849108,,,,
http://www.yes24.com/Product/Goods/2844076,,,,
http://www.yes24.com/Product/Goods/2863517,,,,
http://www.yes24.com/Product/Goods/2869777,,,,
http://www.yes24.com/Product/Goods/2882896,,,,
http://www.yes24.com/Product/Goods/2882897,,,,
http://www.yes24.com/Product/Goods/2944911,,,,
http://www.yes24.com/Product/Goods/2944919,,,,
http://www.yes24.com/Product/Goods/2950682,,,,
http://www.yes24.com/Product/Goods/2950700,,,,
http://www.yes24.com/Product/Goods/1272,,,,
http://www.yes24.com/Product/Goods/2969695,,,,
http://www.yes24.com/Product/Goods/3016164,,,,
http://www.yes24.com/Product/Goods/3016165,,,,
http://www.yes24.com/Product/Goods/3029625,,,,
http://www.yes24.com/Product/Goods/3058601,,,,
http://www.yes24.com/Product/Goods/3058365,,,,
http://www.yes24.com/Product/Goods/3058371,"어느 날 그는 수식어를 사형에 처하기로 해서, 그의 손을 거친 편지에서는 형용사와 부사가 모두 날아갔다. 다음 날은 관사와의 전쟁을 벌였다. 그다음 날은 좀 더 높은 수준의 창의력을 발휘해서 a와 the만 남겨 두고 편지 내용을 몽땅 새까맣게 지워 버렸다. 그는 그렇게 하면 행간의 묘미가 더욱 강해져 무척 심오한 의미를 전달하리라고 느꼈다. 얼마 뒤에 그는 본문은 그대로 두고 인사말과 발신인 서명만 제거하기도 했다. --- p.31

“그들이란 누구를 의미하는 거야?” 그는 알고 싶어 했다.
“자네를 죽이려고 한다는 자들이 구체적으로 누구냐고?”
“그들 모두지.” 요사리안이 시큰둥하게 대답했다.
“그들 모두라니?”
“그들 모두가 누군지 자넨 모르겠어?”
“통 모르겠어.”
“그렇다면 그들이 아니라는 걸 자네는 어떻게 알지?” --- p.47

“그런 속임수(catch)가 있단 말인가?”
“물론 함정(catch)이 있지.” 다네카 군의관이 대답했다. “캐치-22가 있으니까. 전투 임무를 면하기를 바라는 사람은 누구라도 정말로 미치지는 않았어.”
함정이 하나 있다면 그것은 캐치-22였는데, 그 규칙은 긴박한 현실적인 위험의 면전에서 자신의 안전을 걱정하는 행위는 합리적인 심리의 전개 과정이라고 정의했다. 오르는 미쳤고 그래서 비행 근무를 해제받을 수 있었다. 그가 할 일이라고는 신청하는 절차뿐이었는데, 그가 신청만 하게 된다면 그는 더 이상 미친 상태가 아니어서 다시 출격을 계속 나가야 한다. 출격을 더 나간다면 오르는 미치게 되며, 그러지 않는다면 정상적인데, 만일 정상적이라면 그는 출격을 나가야 한다. --- p.100

간단히 얘기하면, 그는 멍청이였다. 그는 현대 박물관에서 어물쩍거리는 사람들처럼 양쪽 눈을 한쪽으로 몰고 요사리안을 자주 쳐다보았다. 그것은 물론 어떤 문제의 한쪽만을 뚫어져라 응시하는 바람에 다른 쪽은 전혀 보지 못하는 클레빈저의 편견에서 연유하는 착각이었다. 정치적으로 그는 옳은 쪽과 그른 쪽도 구별을 못 하고 그 둘 사이에 엉거주춤하게 발이 묶인 인도주의자였다. 그는 우익인 적들 앞에서는 공산주의자 친구들을, 그리고 공산주의자 적들 앞에서는 우익 친구들을 항상 옹호했지만, 그를 멍청이라고 생각했던 양쪽 패거리들은 누구 앞에서도 그를 옹호하는 일이 없었고, 철저하게 미워했다. --- p.143-144

요사리안에게는 헤아리기도 힘들 정도로 많은 위험한 일들이 따라다녔다. 예를 들면, 히틀러와 무솔리니와 일본 천황이 있었는데, 그들은 모두 그를 죽이려고 기를 썼다. 열병식 대회에 광적으로 열을 올리던 셰이스코프와, 보복에 광적으로 열을 올리던 텁수룩한 콧수염의 대령이 있었는데, 그들도 역시 그를 죽이려고 했다. --- p.336

요사리안(Yossarian)─그 이름을 눈으로 보기만 해도 그는 치가 떨렸다. 그것에는 에스(s)가 너무 많았다. 그것은 당연히 파괴적이었다. 그것은 ‘파괴적(subversive)’이라는 어휘 그 자체나 마찬가지였다. 그것은 ‘선동적(seditious)’이나, ‘교활한(insidious)’이나 마찬가지였으며, ‘사회주의자(socialist)’나 ‘수상한(suspicious)’이나 ‘파시스트(fascist)’나 ‘공산주의자(Communist)’나 마찬가지였다. 그것은 밉살스럽고, 외국적이고, 역겨운 이름이었으며, 신뢰감을 불러일으키지 못하는 그런 이름이었다. 그것은 캐스카트나 페켐이나 드리들처럼 깨끗하고, 산뜻하고, 솔직하고, 미국적인 이름이지 못했다.",,,
http://www.yes24.com/Product/Goods/3058375,"“민주주의에서는 정부가 곧 국민입니다.” 마일로가 설명했다. “우린 국민입니다, 안 그렇습니까? 그러니까 돈은 우리가 간직하고, 중간 과정은 생략할 수가 있죠. 솔직히 얘기해서, 전 정부가 전쟁에서 완전히 손을 떼고 그 일을 전부 개인 기업에 맡겼으면 하고 생각합니다. 만일 우리가 가진 돈을 모두 정부에 지불한다면, 그것은 즉 자기 편 장병과 비행기를 스스로 폭격하는 개인들의 기를 꺾고 정부만 옹호하는 셈이 됩니다. 우린 그들의 보상을 박탈하게 되는 셈이죠. --- p.75

“난 돌았어. 미치광이지. 이해가 안 가? 난 머리가 삐끗했어. 그들은 실수로 나 대신에 다른 사람 하나를 귀국시켰지. 병원에는 면허증이 있는 정신과 의사가 있어서 나를 진단했고, 그가 판결을 내렸지. 난 진짜 정신이상이야.”
“그래서?”
“그래서라니?” 이해를 못 하는 다네카 군의관의 무능함에 요사리안은 어리둥절했다. “그것이 무슨 뜻인지를 모르겠나? 이젠 자네가 내 전투 임무를 면제시키고 날 고향으로 보낼 수 있어. 그들은 미친 사람을 죽으라고 내보내지는 않을 거야, 안 그래?”
“그럼 미치지 않았다면 누가 나가지?” --- p.161

요사리안은 석고와 거즈로 머리끝부터 발끝까지 하얗게 덮인 군인의 하얗고, 역겹고, 낯익은 모습뿐 아니라 괴이하게 찢어지는 던바의 목소리에 얼이 빠져서 우뚝 걸음을 멈추었다. 이상하게 떨리는 소리가 자기도 모르게 요사리안의 목구멍에서 부글부글 끓어올랐다.
“그가 돌아왔다!” 던바가 다시 비명을 질렀다.
“그가 돌아왔다!” 열이 나서 헛소리를 하는 어느 환자가 자동적으로 겁에 질려 따라 했다. --- p.269

‘그렇다면 왜 우릴 몰아내나요?’ 여자들이 물었어요. ‘캐치-22요.’ 남자들이 말했죠. ‘무슨 권리로 이래요?’ 여자들이 물었어요. ‘캐치-22요.’ 남자들이 말했고요. 그들이 자꾸만 하는 얘기라곤 ‘캐치-22, 캐치-22’뿐이었다오. 캐치-22라니, 그게 무슨 뜻인가요? 캐치-22가 뭐예요?”
“그것을 당신들한테 보여 주지 않던가요?” 분노와 실망을 느끼며 오락가락하던 요사리안이 물었다. “그것을 읽어 달라고 하지도 않으셨어요?”
“그들은 우리한테 캐치-22를 보여 줄 필요가 없다오.” 늙은 여인이 대답했다. “그럴 필요가 없다고 법에 정해져 있으니까요.”
“그럴 필요가 없다고 어떤 법이 그래요?”
“캐치-22요.” --- p.348

“댄비, 오르는 그렇게 계획을 짠 거예요. 모르겠어요? 그는 처음부터 그렇게 계획을 짰어요. 그는 격추를 당하는 것까지도 연습했죠. 그는 출격을 나갈 때마다 그 연습을 했어요. 그런데도 난 그를 따라가지 않겠다고 그랬죠! 아, 나는 왜 귀를 기울이지 않았을까? 그는 나를 초청했지만, 난 같이 가지 않겠다고 했어요! 댄비, 전혀 아무도 어떤 똑똑한 면이 있다고 의심하지 못할 만큼 바보스럽고 순진한 표정하고, 뻐드렁니하고, 고장 난 밸브도 가져다줘요. 난 그런 것들이 모두 필요해요. 아, 왜 나는 그의 얘기에 귀를 기울이지 않았던가. 이제 와서야 나는 그가 하려던 얘기의 뜻을 이해하게 되었어요.”",,,
http://www.yes24.com/Product/Goods/3067523,,,,
http://www.yes24.com/Product/Goods/3105048,,,,
http://www.yes24.com/Product/Goods/17396,"윌리엄 골딩은 <사실적인 설화 예술의 명쾌함과 현대의 인간 조건을 신비스럽게 조명하여 다양성과 보편성을 보여주었다>는 수상 이유와 함께 1983년 노벨 문학상 수상자로 결정되었다. 그의 첫 장편 소설이자 출세작인 <파리대왕>은 1954년, 골딩의 나이 43세 때 출간되었다. 그때까지 장편 세 편을 따로 써 둔 게 있었지만 발표는 하지 않았다. 이미 남들이 써놓은 것과 비슷한 것이라고 느꼈기 때문이라고 한다.

핵 분열의 엄청난 파괴력을 알게 된 인류가 과연 영속적인 평화를 누릴 수 있을까 하는 냉전 시대의 회의적 분위기가 팽배해 있던 당시에 <파리대왕>은 큰 충격을 안겨주었다. 일반적인 불안의 풍토 속에서 구상된 이 모험담과 우화와 알레고리의 차원을 지닌 이 작품이 발휘한 호소력은 가히 폭발적이었다. 특히 영미의 학생들 사이에서 많이 읽혀 작가는 <캠퍼스 대왕>이라는 별명을 얻기까지 하였다.",온몸을 비트는 듯한 크나큰 슬픔의 발작에 몸을 맡기고 그는 울었다. 섬은 불길에 싸여 엉망이 되고 검은 연기 아래서 그의 울음소리는 높아져갔다. 슬픔에 감염되어 다른 소년들도 몸을 떨며 흐느꼈다. 그 소년들의 한복판에서 추저분한 몸뚱이와 헝클어진 머리에 코를 흘리며 랠프는 잃어버린 천진성과 인간 본성의 어둠과 돼지라고 하는 진실하고 지혜롭던 친구의 추락사가 슬퍼서 마구 울었다.,"신호소리는 우물쭈물하더니 스러졌다.
장교는 의심스럽다는 듯이 잠시 랄프를 바라보다가 권총 꽁무니에서 손을 떼었다.
"" 안녕 ""
자기의 몰골이 형편없이 더럽다는 것을 생각하고 우물쭈물하다가 랄프는 수줍은 듯이 대답하였다.
"" 안녕하세요 ""
자기 질문에 대답을 받은 양 장교는 고개를 끄덕여 보였다.
"" 성인들 --- 어른들도 함께 있니 ? ""
말없이 랄프는 고개를 저었다. 그는 모래 위에서 반쯤 몸을 돌렸다. 유색 찰흙으로 온통 몸뚱이에 줄무늬 색칠을 한 소년들이 손에 손에 뾰족한 창을 들고 모래사장에 반원을 그린 태 잠자코 서 있었다.

"" 재미있는 놀이를 했군. "" 하고 장교는 말하였다.","'그러나 나를 붙잡아서 어떻게 할 셈인 거야?'
머리 위에선 아무런 대답도 없었다. 자기가 한 소리를 자기가 생각해도 바보처럼 여겨졌다. 그는 바위를 내려갔다.
'대체 어떻게 할 셈인 거야?-----'
우뚝 솟아 있는 바위 꼭대기에서 잘 알아들을 수 없는 대답소리가 들려왔다.
'로저는 막대기 양쪽 끝을 뾰족하게 깎아놓았어.'
로저는 막대기 양쪽 끝을 뾰족하게 깎아놓았다-----랠프는 그 의미를 새겨보려고 하였으나 알 수가 없었다. 그는 울화가 치밀어서 생각해낼 수 있는 온갖 욕설을 뱉아 보았으나 그러는 중에 하품이 나왔다. 잠을 자지 않고 얼마 동안이나 버틸 수가 있는 것일까? 그는 하얀 시트가 덮여 있는 침대가 무척 그리웠다. 그러나 여기서 하얗게 보이는 것이라고는 40피트 아래쪽, 돼지가 떨어져갔던 바위께로 서서히 훤하게 부딪히는 물보라뿐이었다. 괘지는 이제 도처에 있었다. 이 좁은 길목에도 있었다. 어둠과 죽음의 무시무시한 몰골을 하고 있었다. 만약 돼지가 지금 바다에서 돌아온다면, 골이 터져나간 머리를 들고 돌아온다면----- 랠프는 꼬마처럼 훌쩍이면서 하품을 하였다. 손에 들고 있던 막대기를 지팡이 삼아 그는 휘청거리는 몸을 가누었다."
http://www.yes24.com/Product/Goods/3127085,,,,
http://www.yes24.com/Product/Goods/3127088,,,,
http://www.yes24.com/Product/Goods/3210032,,,,
http://www.yes24.com/Product/Goods/3210045,,,,
http://www.yes24.com/Product/Goods/3214142,,,,
http://www.yes24.com/Product/Goods/3238394,,,,
http://www.yes24.com/Product/Goods/3238414,,,,
http://www.yes24.com/Product/Goods/3246449,,,,
http://www.yes24.com/Product/Goods/3246452,,,,
http://www.yes24.com/Product/Goods/3259726,,,,
http://www.yes24.com/Product/Goods/17361,,,,
http://www.yes24.com/Product/Goods/57204,,,,
http://www.yes24.com/Product/Goods/3262424,,,,
http://www.yes24.com/Product/Goods/3316328,,,,
http://www.yes24.com/Product/Goods/3316323,,,,
http://www.yes24.com/Product/Goods/3342502,,,,
http://www.yes24.com/Product/Goods/3378955,,,,
http://www.yes24.com/Product/Goods/3378917,,,,
http://www.yes24.com/Product/Goods/3378938,,,,
http://www.yes24.com/Product/Goods/3387598,,,,
http://www.yes24.com/Product/Goods/3402778,,,,
http://www.yes24.com/Product/Goods/3410178,,,,
http://www.yes24.com/Product/Goods/2548,"날 오해하지 말아요. 사랑하는 사람이여!
누가 신의 이름을 부를 수 있겠소?
누가 고백할 수 있겠소,
나는 신을 믿는다고?
마음속으로 느낀다고 해서
누가 감히 말할 수 있겠소,
나는 신을 믿지 않는다고요?
만물을 포괄하는 자,
만물을 보존하는 자,
그는 당신을, 나를, 그리고 자기자신을
포괄하고 보존하고 있지 않소?
대지는 이 아래 굳건히 놓여 있지 않소?
영원한 별들은 다정한 눈인사를 나누며
이렇게 떠오르지 않소?
당신의 눈을 들여다보고 있으면,
모든 것이 당신의 머리와 가슴으로 밀려들어와
영원한 비밀을 간직한 채
보일 듯 말 듯
당신 곁에서 떠돌고 있질 않소?
아무리 크더라도 그것으로 당신의 가슴을 채우구려.",,,
http://www.yes24.com/Product/Goods/3422591,,,,
http://www.yes24.com/Product/Goods/3441589,,,,
http://www.yes24.com/Product/Goods/3452419,,,,
http://www.yes24.com/Product/Goods/3452423,,,,
http://www.yes24.com/Product/Goods/3452430,,,,
http://www.yes24.com/Product/Goods/3486015,,,,
http://www.yes24.com/Product/Goods/3486018,,,,
http://www.yes24.com/Product/Goods/3512245,,,,
http://www.yes24.com/Product/Goods/3523842,,,,
http://www.yes24.com/Product/Goods/3530515,,,,
http://www.yes24.com/Product/Goods/2549,"프로테우스 ; 정신적 존재로서 습기찬 물의 시게로 가자.
거기에서 당장 종횡무진 살아가며,
마음먹은 대로 활동할 수 있으리라.
다만 보다 높은 서열에 오르려 하지 말라.
자네가 일단 인간이 되고 나면,
그것으로 자네는 끝장이니까 말이야.","그렇다! 이 뜻을 위해 나는 모든 걸 바치겠다.
지혜의 마지막 결론은 이렇다.
자유도 생명도 날마다 싸워서 얻는 자만이
그것을 누릴 자격이 있는 것이다.
그래서, 위험에 둘러싸이더라도 여기에선
남녀노소가 모두 값진 나날을 보내는 것이다.
나는 이러한 군중을 지켜보며,
자유로운 땅에서 자유로운 백성과 살고 싶다.
그러면 순간을 향해 이렇게 말해도 좋으리라.
<멈추어라, 너 정말 아름답구나!>
내가 세상에 남겨놓은 흔적은
영원히 사라지지 않을 것이다 ―
이같이 드높은 행복을 예감하면서
지금 최고의 순간을 맛보고 있노라.",,
http://www.yes24.com/Product/Goods/3530518,,,,
http://www.yes24.com/Product/Goods/3530521,,,,
http://www.yes24.com/Product/Goods/3542506,,,,
http://www.yes24.com/Product/Goods/3546850,,,,
http://www.yes24.com/Product/Goods/3572713,,,,
http://www.yes24.com/Product/Goods/3572715,,,,
http://www.yes24.com/Product/Goods/3595740,,,,
http://www.yes24.com/Product/Goods/3595741,,,,
http://www.yes24.com/Product/Goods/3595746,,,,
http://www.yes24.com/Product/Goods/3616290,,,,
http://www.yes24.com/Product/Goods/17367,,,,
http://www.yes24.com/Product/Goods/3619028,,,,
http://www.yes24.com/Product/Goods/3624948,,,,
http://www.yes24.com/Product/Goods/3635840,,,,
http://www.yes24.com/Product/Goods/3645184,,,,
http://www.yes24.com/Product/Goods/3657268,,,,
http://www.yes24.com/Product/Goods/3663356,,,,
http://www.yes24.com/Product/Goods/3663361,,,,
http://www.yes24.com/Product/Goods/3679625,,,,
http://www.yes24.com/Product/Goods/3688941,,,,
http://www.yes24.com/Product/Goods/3729147,,,,
http://www.yes24.com/Product/Goods/17369,,,,
http://www.yes24.com/Product/Goods/3729142,,,,
http://www.yes24.com/Product/Goods/3729414,,,,
http://www.yes24.com/Product/Goods/3753967,,,,
http://www.yes24.com/Product/Goods/3765353,,,,
http://www.yes24.com/Product/Goods/3788479,,,,
http://www.yes24.com/Product/Goods/3788484,,,,
http://www.yes24.com/Product/Goods/3819356,,,,
http://www.yes24.com/Product/Goods/3932131,,,,
http://www.yes24.com/Product/Goods/3984894,,,,
http://www.yes24.com/Product/Goods/3984628,,,,
http://www.yes24.com/Product/Goods/17386,"언젠가 더운 여름날에 로테와 산책하다가 쉰적이 있었던 버드나무 그늘을 구슬피 내려다보았지만, 지금 그곳 역시 물에 잠겨 버드나무조차 거의 알아볼 수가 없었다. 빌헴름, 그녀의 목장, 그녀의 수렵 별장을 둘러싼 일대는 어떻게 되었을까 하고 나는 생각했다. 우리의 정자는 지금쯤 격류에 휩쓸려 얼마나 형편없이 되었을까 하고 말이다.","사랑하는 친구여, 이것은 어쩐 일일까? 내가 나 자신을 겁내고 스스로에게 놀라다니! 그녀에 대한 나의 사랑은 어디까지나 거룩하고 순수하고 남매간 같은 우애, 사랑이 아니던가? 이제까지 단 한번이라도 마음속으로 죄스러운 소원이나 엉큼한 욕망을 가진 적이 있었던가? 물론 맹세할 수는 없다. 그런데 꿈을 꾼 것이다. 아아, 이처럼 모순되는 갖가지 작용을 불가사의한 간밤의 일이었다! 입 밖에 내는 것조차 몸이 떨린다.

나는 그녀를 두 팔로 껴안고 가슴에다 꼭 품은 채, 사랑을 속삭이는 그녀의 입술에다 한없이 뜨거운 키스를 퍼부었다. 나의 눈은 그녀의 황홀한 눈동자 속에서 떠돌고 있었다. 신이여, 지금도 저 불타는 기쁨을 마음속 깊이 가득한 그리움으로 되살려 생각하고 행복감에 잠긴다면, 과연 나는 벌을 받아야 할 죄를 짓는 것입니까? 로테! 로테, 나는 이제 마지막에 다다른 것 같다! 나의 생각은 혼란스러워지고 벌써 일주일 전부터 사고력을 잃었다. 나의 눈에는 눈물이 가득 고이고, 어딜 가도 기분이 좋지 못하고 그래서 어디에 있어도 아무 상관이 없다. 아무것도 바라는 게 없으니, 떠나버리는 것이 좋을 듯싶다.","내 마음을 허물어뜨리는 것은, 대자연 속에 숨겨져 있는 그 침식의 힘, 그것이다. 바로 그 힘이 만들어낸 것은 그 사람의 이웃과 그 사람 자신을 파괴하고 만다. 그것을 생각하며, 하늘과 땅과, 그리고 그곳에서 작용하는 온갖 힘에 둘러싸여, 나는 불안스레 비틀거리는 것이다. 나의 눈에 보이는 것은 오직 영원히 집어삼키고, 영원히 되새김질하는 괴물 뿐이다. (p. 88)",
http://www.yes24.com/Product/Goods/3984935,"이형식이 김선형과 처음 만나 인사를 주고받던 이 시대만 해도 사정은 사뭇 달랐다. 자유연애란 자율성의 다른 이름이었고, 자율성은 근대적 인간의 표지(標識) 바로 그것이었다. 근대적 인간은 선험적으로 주어진 다양한 가치들을 곧바로 받아들이는 대신 의심하고 질문에 부친다. 그는 스스로 입법자가 되어 가치를 만들어 내고 가치의 주인이 된다. 이광수는 ‘따르도록 만들 수는 있으나 알게 할 수는 없는(可使由之 不可使知之)’ 타율적 도덕이라고 유교 도덕을 비판하는데, 자유연애는 이와 상반되는 곳에 자리하고 있다. 자기 의사와 상관없이 부모가 짝지어 준 사람을 자동적으로 받아들이는 대신 사랑하는 사람을 스스로 결정하는 방식의 관계란 근대적 의미의 도덕률을 압축적으로 보여 주는 일종의 본보기였던 셈이다.

(......)

이광수의 초기 논설을 보면 그가 개인의 욕망에 충실한 것이 공동체 전체의 이익과 상치되지 않을뿐더러 자연스럽게 조화를 이루는 것으로 이해했음을 확인할 수 있다. 동물들은 순전히 생물학적 욕구에 따라 행동하지만, 눈에 보이지 않는 조물주의 작용을 통해 종의 번식이라는 결과를 낳는 것처럼 인간 세계 역시 그렇다는 것이 이광수의 논리였다. 이광수는 나중에 개인의 욕망을 앞세우는 것을 이기적인 태도라고 비난하는데, 이는 개인의 욕망과 공동체의 이익이 일치하지 않음을 깨달은 데서 온 변화일 것이다. 『무정』을 쓰던 때의 이광수에게 사적인 세계와 공적인 세계 사이에는 뚜렷한 경계선이 존재하지 않았다.",,,
http://www.yes24.com/Product/Goods/4038612,,,,
http://www.yes24.com/Product/Goods/4038618,,,,
http://www.yes24.com/Product/Goods/4058418,"“얘들아, 감옥에서 몇 년 썩더라도 크게 한탕하고 싶냐?”

강변도로를 달리기 전에 렐로가 결심을 굳힌 듯 말했다.

“뭔데? 어떤 건데?”

다른 친구들이 물었다.

“무장 강도.”

카고네는 이렇게 말하며 잠시 주머니를 뒤지더니 권총을 꺼냈다.

“좋아!”

(......)

토르콰토는 고향 마을에 있던 모든 것을 잃어버렸다. 폭격기들이 집, 헛간, 축사를 폭파했으며 탱크들이 그 흔적마저 지워 버렸다.

미군이 로마로 들어오자 토르콰토 가족은 함께 살던 다른 농민들과 함께 학교 밖으로 쫓겨났다. 미군이 그 학교를 사용하려 했기 때문이다. 그들이 학교를 떠나도록 회유하기 위해 미군은 꾸러미 몇 개와 보잘것없는 돈 몇 푼을 쥐어 주었다. 하지만 그들은 어떻게 해야 살아남는지 정말 몰랐기 때문에 그런 것에 현혹되지 않았다. 그러자 대기가 뜨겁고 자갈이 불덩이 같던 어느 여름날, 치안경찰이 들이닥쳐 그들을 거칠게 공격했고 그들에게 남아 있던 걸레 조각 같은 옷가지와 함께 그들을 길거리로 내쫓았다.",,,
http://www.yes24.com/Product/Goods/4214879,,,,
http://www.yes24.com/Product/Goods/4281887,,,,
http://www.yes24.com/Product/Goods/4281896,,,,
http://www.yes24.com/Product/Goods/4345322,,,,
http://www.yes24.com/Product/Goods/4393256,,,,
http://www.yes24.com/Product/Goods/4430687,,,,
http://www.yes24.com/Product/Goods/54297,,,,
http://www.yes24.com/Product/Goods/4510685,,,,
http://www.yes24.com/Product/Goods/4510687,,,,
http://www.yes24.com/Product/Goods/4526651,,,,
http://www.yes24.com/Product/Goods/4526434,,,,
http://www.yes24.com/Product/Goods/4515349,,,,
http://www.yes24.com/Product/Goods/4802837,,,,
http://www.yes24.com/Product/Goods/4827613,,,,
http://www.yes24.com/Product/Goods/4827619,,,,
http://www.yes24.com/Product/Goods/5044108,,,,
http://www.yes24.com/Product/Goods/5141547,,,,
http://www.yes24.com/Product/Goods/56611,"이 애는 예쁜 아기가 아니었다. 전혀 아기같이 생기지도 않았다. 누워 있는 동안 마치 그곳에서 웅크리고 있었던 것처럼 두툼한 어깨에다 구부정한 모습이었다. 아기의 이마는 눈에서부터 정수리 쪽으로 경사져 있었다. 머리카락은 굵고 노르스름했으며, 가마 두 개에서부터 삼각형 또는 쐐기 모양으로 이마까지 내려오는 이상한 모양으로 나 있었다. 옆과 뒤쪽 머리카락은 아래쪽으로 자라고 있는데 앞쪽 머리카락은 이마 쪽으로 누워 있었다. 손은 두툼했고 손바닥에는 근육이 보였다. 아기는 눈을 뜨고 자기 어머니의 얼굴을 똑바로 쳐다보았다.","레싱의 방대한 작품세계를 요약하는 일은 거의 불가능하다. 그녀의 서술기법이나 소설 형태는 사회주의적 사실주의, 성장 소설, 모더니스트적 수법으로부터 우화, 설화, 로망스, 공상 과학 소설 등을 망라한다. 또한 그녀의 관심사는 수피즘 같은 신비주의 뿐만 아니라 정신분석학, 마르크시즘, 실존주의, 사회생물학 등과 같은 20세기의 주요한 지적 문제들을 모두 포함한다.",돌아올 기약 없이 그들이 모두 다 얼마 있지 않아 떠나버리지 않을까 궁금했다. 그녀는 식탁의 고요하고 부드러운 광채 옆에 앉아 그들이 돌아올 것을 기다릴 것이지만 그들은 돌아오지 않을 것이다.,"""이건 우연이야. 누구나 벤 같은 애를 가질 수 있어. 그건 우연히 나타난 유전자야, 그것뿐이야""
""난 그렇게 생각 안해""
그녀는 완고하게 주장했다.
""우린 행복해지려고 했어! 행복한 사람은 아무도 없었어. 아니, 나는 행복한 사람을 만나 본 적이 결코 없어. 하지만 우리는 그렇게 되려고 햇지. 그래서 바로 번개가 떨어진 거야."""
http://www.yes24.com/Product/Goods/5141551,,,,
http://www.yes24.com/Product/Goods/5179867,,,,
http://www.yes24.com/Product/Goods/5224413,,,,
http://www.yes24.com/Product/Goods/5819537,,,,
http://www.yes24.com/Product/Goods/5819538,,,,
http://www.yes24.com/Product/Goods/5894097,,,,
http://www.yes24.com/Product/Goods/5686725,,,,
http://www.yes24.com/Product/Goods/5987363,,,,
http://www.yes24.com/Product/Goods/6157159,,,,
http://www.yes24.com/Product/Goods/6157169,,,,
http://www.yes24.com/Product/Goods/63681,"우리 모두는 약간은 비겁하고 계산적이고 이기적이지. 위대함과는 거리가 멀어. 내가 그리고 싶은 게 바로 이거야. 우리는 착하면서 동시에 악하고, 영웅적이면서 비겁하고, 인색하면서 관대하다는 것. 이 모든 것은 밀접하게 서로 붙어있다는 것. 그리고 좋고 나쁘고를 떠나서 한 사람으로 하여금 어떤 행위를 하도록 한 것이 무었이었는지를 아는 일은 불가능하다는 걸 말야.","여자 형제들은 서로에 대해 모든 것을 알고 있든지 혹은 아무것도 모르고 있든지 둘 중 하나다. 나의 동생 니나에 대해 나는 얼마 전까지 아무것도 모르고 있었다. 그녀는 나보다 열두살 아래였다. 내가 결혼했을 때 그녀는 더부룩한 갈래머리에 팔과 다리에 수많은 상처 자국을 지닌 깡마르고 무뚝뚝한 열 살짜리 소녀였다. 나의 결혼식 때 부모님이 니나에게 마치 시동처럼 내 면사포를 들고 가도록 시키자 그녀는 입을 꾹 다물고 몹시 화가 난 듯 얼굴이 하얗게 질려 가지고는 나의 면사포에 침을 뱉었다 나중에 조금 나아지기는 했지만 니나는 결코 귀엽거나 사랑스런 아이는 아니었다. 니나는 자기를 제발 가만히 좀 내버려둬 달라고 나에게 몇 번이나 단호히 말했고, 나 또한 그후 한번도 그녀에게 신경쓰지 않았다.",,
http://www.yes24.com/Product/Goods/6157163,,,,
http://www.yes24.com/Product/Goods/6405243,,,,
http://www.yes24.com/Product/Goods/6685471,,,,
http://www.yes24.com/Product/Goods/6659670,,,,
http://www.yes24.com/Product/Goods/6712992,,,,
http://www.yes24.com/Product/Goods/6713010,,,,
http://www.yes24.com/Product/Goods/7157337,,,,
http://www.yes24.com/Product/Goods/7157329,,,,
http://www.yes24.com/Product/Goods/7190291,,,,
http://www.yes24.com/Product/Goods/7190287,,,,
http://www.yes24.com/Product/Goods/57583,,,,
http://www.yes24.com/Product/Goods/7271673,,,,
http://www.yes24.com/Product/Goods/7752808,,,,
http://www.yes24.com/Product/Goods/7752817,,,,
http://www.yes24.com/Product/Goods/7752826,,,,
http://www.yes24.com/Product/Goods/7557560,,,,
http://www.yes24.com/Product/Goods/7568428,,,,
http://www.yes24.com/Product/Goods/7568430,,,,
http://www.yes24.com/Product/Goods/7947811,,,,
http://www.yes24.com/Product/Goods/7947812,,,,
http://www.yes24.com/Product/Goods/7959804,,,,
http://www.yes24.com/Product/Goods/57197,,,,
http://www.yes24.com/Product/Goods/4376788,,,,
http://www.yes24.com/Product/Goods/56159,사례연구로서 <롤리타>는 틀림없이 심리학 분야에서 하나의 고전이 될 것이다. 예술작품으로서 그것은 속죄로서의 측면을 뛰어넘는다. 그리고 과학적인 중요성이나 문학적인 가치보다 우리에게 더 중요한 것은 그 책이 진지한 독자에게 끼칠 윤리적 영향이다. 이 통렬한 개인의 연구 속에서는 일반적인 교훈이 숨어있다.,"그리고 거기, 허물어진 모습으로, 정맥이 밧줄 모양 불거진 어른 같은 손과 소름 돋은 흰 팔, 얇은 귀, 지저분한 겨드랑이의 롤리타가 가망 없이 지친 17세로, 임신을 한 채 있었다. 한때는 대스타가 되어 2020년쯤에나 은퇴하는 꿈을 꾸었던 나의 여자. 나는 그녀를 보고 또 보았다. 그리고 분명히, 내가 언젠가는 죽을 것이라는 것을 아는 만큼 그렇게 분명히 나는 그녀를 내가 본 어느 것보다 사랑했고, 지구상에서 상상할 수 있는 어떤 희망보다 더 그녀를 사랑했다는 것을 알았다. 그녀는 단 하나의 희미한 바이올렛 향기였고, 과거에 내가 그렇게 울며 찾아 헤매던 님펫의 죽은 메아리였다

그녀는 하얀 하늘 아래 먼 숲, 황갈색 계곡 가장자리에 사는 메아리고 시냇물을 막는 갈잎이며 바삭거리는 잡초 속의 한 마리 마지막 귀뚜라미였다...... 그러나 다행스럽게도 내가 숭배한 것은 메아리만은 아니었다. 내 가슴의 엉킨 핏줄 속에 내가 실컷 불어넣었던 것, 나의 엄청나고 찬란한 죄는 정수만 남았다. 척박하고 이기적인 악덕을 나는 모두 취소하고 저주했다. 여러분은 나를 조롱하고 법정을 모독하지 말라고 야단을 하실 테지만 재갈을 물리고 반쯤 죽는다 해도, 나는 내 가난한 진실을 외쳐댈 것이다.

내가 얼마나 롤리타를 사랑했는지 세상 사람들은 알아야만 한다. 롤리타, 창백하고 더럽혀지고 다른 사내의 아이로 배가 부른 여자, 하지만 여전히 잿빛 눈에 검은 속눈썹, 여전히 붉은 갈색에 아몬드빛, 아직도 칼멘시타, 여전히 나의 것. 인생을 바꾸자, 나의 카르멘이여, 어느 곳이든지 결코 우리가 헤어질 수 없는 곳에 가서 살자꾸나. 오하이오? 메사추세츠의 황야? 그녀의 두 눈이 근시안의 물고기로 퇴색해도, 그녀의 젖꼭지가 부풀어오르고 갈라져도, 사랑스럽고 부드러운 젊은 삼각주가 찢기고 더럽혀진다 해도, 이 모든 것에도 불구하고 나는 너의 사랑스런 창백한 얼굴이, 목쉰 젊은 음성이 그저 스치기만 해도, 사랑으로 가득 차올라 정신이 혼미해진다. 나의 롤리타.",,
http://www.yes24.com/Product/Goods/7914688,,,,
http://www.yes24.com/Product/Goods/7929047,,,,
http://www.yes24.com/Product/Goods/7929048,,,,
http://www.yes24.com/Product/Goods/7929051,,,,
http://www.yes24.com/Product/Goods/7929053,,,,
http://www.yes24.com/Product/Goods/7929057,,,,
http://www.yes24.com/Product/Goods/8117617,,,,
http://www.yes24.com/Product/Goods/8235466,,,,
http://www.yes24.com/Product/Goods/8454107,,,,
http://www.yes24.com/Product/Goods/8454063,,,,
http://www.yes24.com/Product/Goods/62058,"""당신은 말 뜻을 모르고 있군요. 난 무척 자존심이 강하고, 참견하기 좋아하는 늙은이오.""
""그래요? 난 아주 부자랍니다.""
뉴만이 대답했다.

노부인은 바닥을 뚫어지게 바라보았다. 뉴만은 그것이 자신의 무례한 말에 분개할 이유를 생각하는 것이라고 여겼다. 하지만 노부인은 마침내 고개를 들며 간단히 말했다.
""얼마나 부자인가요?""

뉴만은 프랑화로 환산되었을 때 딜러화의 합계액이 갖는 굉장한 어감으로 자신의 수입을 숫자로 표현했다. 그는 자신의 재산 상황에 대하여 몇 마디를 덧붙였는데, 이것은 그의 재산을 완벽하게 보이도록 했다.

노부인은 묵묵히 듣고 있다가 마침내 입을 열었다.
""정말 솔직하군요. 나도 마찬가지가 될 거요. 당신을 괴롭히는 것보다 도와주는 편이 나을 것 같소. 그게 더 쉬울 테인까.""

""어떤 조건이든 감사합니다.""
뉴만이 말했다.
""하지만 지금으로선 나에게 긴 고통을 준 셈이오. 그럼 안녕히.""
이 말과 함께 뉴만은 그곳을 떠났다.","""당신은 말 뜻을 모르고 있군요. 난 무척 자존심이 강하고, 참견하기 좋아하는 늙은이오.""
""그래요? 난 아주 부자랍니다.""
뉴만이 대답했다.

노부인은 바닥을 뚫어지게 바라보았다. 뉴만은 그것이 자신의 무례한 말에 분개할 이유를 생각하는 것이라고 여겼다. 하지만 노부인은 마침내 고개를 들며 간단히 말했다.
""얼마나 부자인가요?""

뉴만은 프랑화로 환산되었을 때 딜러화의 합계액이 갖는 굉장한 어감으로 자신의 수입을 숫자로 표현했다. 그는 자신의 재산 상황에 대하여 몇 마디를 덧붙였는데, 이것은 그의 재산을 완벽하게 보이도록 했다.

노부인은 묵묵히 듣고 있다가 마침내 입을 열었다.
""정말 솔직하군요. 나도 마찬가지가 될 거요. 당신을 괴롭히는 것보다 도와주는 편이 나을 것 같소. 그게 더 쉬울 테인까.""

""어떤 조건이든 감사합니다.""
뉴만이 말했다.
""하지만 지금으로선 나에게 긴 고통을 준 셈이오. 그럼 안녕히.""
이 말과 함께 뉴만은 그곳을 떠났다.",,
http://www.yes24.com/Product/Goods/9397881,,,,
http://www.yes24.com/Product/Goods/11041274,,,,
http://www.yes24.com/Product/Goods/11247978,"“아빠, 죽는 건 어려운 일이에요”
“아니, 꽤 쉬운 일인 것 같구나, 닉. 물론 경우에 따라 다르겠지만.”
두 사람은 배에 올라, 닉은 고물에 앉고 그의 아버지는 이물에 앉아 노를 젓기 시작했다. 해가 언덕 위로 막 솟아오르고 있었다. 농어 한 마리가 뛰어올라 수면에 둥그런 파문을 그렸다. 닉은 물속에 손을 담근 채로 갔다. 새벽의 매서운 한기 속에서도 물은 따스했다.
이른 아침 호수에서 아버지가 노를 젓는 배의 고물에 앉아 닉은 자기는 결코 죽지 않을 거라고 확신했다.
---『인디언 부락』중에서

아무것도 쓰지 않고 안일만을 추구하며 자신이 경멸해 마지않는 그런 인간이 되어 보낸 하루하루의 생활은 그의 재능을 우둔하게 만들었고 집필에 대한 의욕마저 약화시켰다. 그래서 결국 그는 아무것도 쓰지 못하게 되고 말았던 것이다. (중략) 이번 사파리 여행에서는 안락을 최소한으로 줄였다. 고생스러운 일은 없었지만 호화스러운 사치도 없었다. 이렇게 함으로써 그는 다시 단련된 생활로 돌아갈 수 있으리라고 생각했다.",,,
http://www.yes24.com/Product/Goods/11247981,,,,
http://www.yes24.com/Product/Goods/11155136,,,,
http://www.yes24.com/Product/Goods/11274635,,,,
http://www.yes24.com/Product/Goods/12081423,,,,
http://www.yes24.com/Product/Goods/12191539,,,,
http://www.yes24.com/Product/Goods/12191542,,,,
http://www.yes24.com/Product/Goods/12485596,,,,
http://www.yes24.com/Product/Goods/67515,,,,
http://www.yes24.com/Product/Goods/13144087,,,,
http://www.yes24.com/Product/Goods/13215682,,,,
http://www.yes24.com/Product/Goods/13987060,,,,
http://www.yes24.com/Product/Goods/13987063,,,,
http://www.yes24.com/Product/Goods/14309718,,,,
http://www.yes24.com/Product/Goods/14577582,,,,
http://www.yes24.com/Product/Goods/14863283,,,,
http://www.yes24.com/Product/Goods/15153891,,,,
http://www.yes24.com/Product/Goods/15456319,,,,
http://www.yes24.com/Product/Goods/16667783,,,,
http://www.yes24.com/Product/Goods/67516,,,,
http://www.yes24.com/Product/Goods/16667785,,,,
http://www.yes24.com/Product/Goods/16777484,,,,
http://www.yes24.com/Product/Goods/16777487,,,,
http://www.yes24.com/Product/Goods/17713168,,,,
http://www.yes24.com/Product/Goods/17880674,,,,
http://www.yes24.com/Product/Goods/18235051,,,,
http://www.yes24.com/Product/Goods/19673992,,,,
http://www.yes24.com/Product/Goods/20508881,,,,
http://www.yes24.com/Product/Goods/20508885,,,,
http://www.yes24.com/Product/Goods/22353127,,,,
http://www.yes24.com/Product/Goods/96378,,,,
http://www.yes24.com/Product/Goods/27611452,,,,
http://www.yes24.com/Product/Goods/27705934,,,,
http://www.yes24.com/Product/Goods/27705937,,,,
http://www.yes24.com/Product/Goods/29074412,,,,
http://www.yes24.com/Product/Goods/29402634,,,,
http://www.yes24.com/Product/Goods/33126536,,,,
http://www.yes24.com/Product/Goods/35279816,,,,
http://www.yes24.com/Product/Goods/37531280,,,,
http://www.yes24.com/Product/Goods/39347388,,,,
http://www.yes24.com/Product/Goods/43308272,,,,
http://www.yes24.com/Product/Goods/96379,,,,
http://www.yes24.com/Product/Goods/43876706,,,,
http://www.yes24.com/Product/Goods/60498006,,,,
http://www.yes24.com/Product/Goods/60498044,,,,
http://www.yes24.com/Product/Goods/61933946,,,,
http://www.yes24.com/Product/Goods/61933969,,,,
http://www.yes24.com/Product/Goods/61933987,,,,
http://www.yes24.com/Product/Goods/61933997,,,,
http://www.yes24.com/Product/Goods/64573081,,,,
http://www.yes24.com/Product/Goods/66890382,,,,
http://www.yes24.com/Product/Goods/64704276,,,,
http://www.yes24.com/Product/Goods/103620,,,,
http://www.yes24.com/Product/Goods/67439006,,,,
http://www.yes24.com/Product/Goods/69250763,,,,
http://www.yes24.com/Product/Goods/69250771,,,,
http://www.yes24.com/Product/Goods/74588770,,,,
http://www.yes24.com/Product/Goods/102350758,,,,
http://www.yes24.com/Product/Goods/87306881,,,,
http://www.yes24.com/Product/Goods/90266936,,,,
http://www.yes24.com/Product/Goods/91887643,,,,
http://www.yes24.com/Product/Goods/91887697,,,,
http://www.yes24.com/Product/Goods/96178574,,,,
http://www.yes24.com/Product/Goods/133755,,,,
http://www.yes24.com/Product/Goods/96178615,,,,
http://www.yes24.com/Product/Goods/96178651,,,,
http://www.yes24.com/Product/Goods/96547433,,,,
http://www.yes24.com/Product/Goods/96547444,,,,
http://www.yes24.com/Product/Goods/96547456,,,,
http://www.yes24.com/Product/Goods/97657393,,,,
http://www.yes24.com/Product/Goods/97657411,,,,
http://www.yes24.com/Product/Goods/97698983,,,,
http://www.yes24.com/Product/Goods/102794956,,,,
http://www.yes24.com/Product/Goods/102795191,,,,
http://www.yes24.com/Product/Goods/135880,,,,
http://www.yes24.com/Product/Goods/102795498,,,,
http://www.yes24.com/Product/Goods/102795502,,,,
http://www.yes24.com/Product/Goods/102640794,,,,
http://www.yes24.com/Product/Goods/102350832,,,,
http://www.yes24.com/Product/Goods/102419946,,,,
http://www.yes24.com/Product/Goods/102419949,,,,
http://www.yes24.com/Product/Goods/102419955,,,,
http://www.yes24.com/Product/Goods/103554229,,,,
http://www.yes24.com/Product/Goods/103168353,,,,
http://www.yes24.com/Product/Goods/104126690,,,,
http://www.yes24.com/Product/Goods/161354,,,,
http://www.yes24.com/Product/Goods/105763450,,,,
http://www.yes24.com/Product/Goods/107474603,,,,
http://www.yes24.com/Product/Goods/103664171,,,,
http://www.yes24.com/Product/Goods/103664172,,,,
http://www.yes24.com/Product/Goods/103664180,,,,
http://www.yes24.com/Product/Goods/105164060,,,,
http://www.yes24.com/Product/Goods/105661918,,,,
http://www.yes24.com/Product/Goods/107663639,,,,
http://www.yes24.com/Product/Goods/107663647,,,,
http://www.yes24.com/Product/Goods/107679350,,,,
http://www.yes24.com/Product/Goods/17359,,,,
http://www.yes24.com/Product/Goods/161347,,,,
http://www.yes24.com/Product/Goods/107011243,,,,
http://www.yes24.com/Product/Goods/108786820,,,,
http://www.yes24.com/Product/Goods/108786833,,,,
http://www.yes24.com/Product/Goods/109584283,,,,
http://www.yes24.com/Product/Goods/109706733,,,,
http://www.yes24.com/Product/Goods/161348,,,,
http://www.yes24.com/Product/Goods/1453690,,,,
http://www.yes24.com/Product/Goods/164801,,,,
http://www.yes24.com/Product/Goods/172368,,,,
http://www.yes24.com/Product/Goods/176787,,,,
http://www.yes24.com/Product/Goods/192061,,,,
http://www.yes24.com/Product/Goods/201697,,,,
http://www.yes24.com/Product/Goods/204300,,,,
http://www.yes24.com/Product/Goods/217803,,,,
http://www.yes24.com/Product/Goods/217805,,,,
http://www.yes24.com/Product/Goods/17352,,,,
http://www.yes24.com/Product/Goods/221158,,,,
http://www.yes24.com/Product/Goods/81526173,,,,
http://www.yes24.com/Product/Goods/224337,,,,
http://www.yes24.com/Product/Goods/81526189,,,,
http://www.yes24.com/Product/Goods/224339,,,,
http://www.yes24.com/Product/Goods/224177,,,,
http://www.yes24.com/Product/Goods/230384,,,,
http://www.yes24.com/Product/Goods/235588,,,,
http://www.yes24.com/Product/Goods/237853,,,,
http://www.yes24.com/Product/Goods/237857,,,,
http://www.yes24.com/Product/Goods/257435,,,,
http://www.yes24.com/Product/Goods/252514,,,,
http://www.yes24.com/Product/Goods/57199,,,,
http://www.yes24.com/Product/Goods/252515,,,,
http://www.yes24.com/Product/Goods/252513,,,,
http://www.yes24.com/Product/Goods/272248,,,,
http://www.yes24.com/Product/Goods/279324,,,,
http://www.yes24.com/Product/Goods/279325,,,,
http://www.yes24.com/Product/Goods/283718,,,,
http://www.yes24.com/Product/Goods/295136,,,,
http://www.yes24.com/Product/Goods/295138,,,,
http://www.yes24.com/Product/Goods/304032,,,,
http://www.yes24.com/Product/Goods/313778,,,,
http://www.yes24.com/Product/Goods/17373,,,,
http://www.yes24.com/Product/Goods/318392,,,,
http://www.yes24.com/Product/Goods/322995,,,,
http://www.yes24.com/Product/Goods/333133,,,,
http://www.yes24.com/Product/Goods/347789,,,,
http://www.yes24.com/Product/Goods/355174,,,,
http://www.yes24.com/Product/Goods/370331,,,,
http://www.yes24.com/Product/Goods/364109,,,,
http://www.yes24.com/Product/Goods/372300,,,,
http://www.yes24.com/Product/Goods/378532,,,,
http://www.yes24.com/Product/Goods/378540,,,,
http://www.yes24.com/Product/Goods/17392,,,,
http://www.yes24.com/Product/Goods/380427,,,,
http://www.yes24.com/Product/Goods/380718,,,,
http://www.yes24.com/Product/Goods/389771,,,,
http://www.yes24.com/Product/Goods/391207,,,,
http://www.yes24.com/Product/Goods/393733,,,,
http://www.yes24.com/Product/Goods/396121,,,,
http://www.yes24.com/Product/Goods/396123,,,,
http://www.yes24.com/Product/Goods/399005,,,,
http://www.yes24.com/Product/Goods/402246,,,,
http://www.yes24.com/Product/Goods/85951807,,,,
http://www.yes24.com/Product/Goods/412304,,,,
http://www.yes24.com/Product/Goods/17355,,,,
http://www.yes24.com/Product/Goods/85951813,,,,
http://www.yes24.com/Product/Goods/412305,,,,
http://www.yes24.com/Product/Goods/414278,,,,
http://www.yes24.com/Product/Goods/418824,,,,
http://www.yes24.com/Product/Goods/423645,,,,
http://www.yes24.com/Product/Goods/426994,,,,
http://www.yes24.com/Product/Goods/428386,,,,
http://www.yes24.com/Product/Goods/428388,,,,
http://www.yes24.com/Product/Goods/432945,,,,
http://www.yes24.com/Product/Goods/432932,,,,
http://www.yes24.com/Product/Goods/1374757,,,,
http://www.yes24.com/Product/Goods/108807059,,,,
http://www.yes24.com/Product/Goods/108232965,,,,
http://www.yes24.com/Product/Goods/103598125,,,,
http://www.yes24.com/Product/Goods/102503170,,,,
http://www.yes24.com/Product/Goods/96582087,,,,
http://www.yes24.com/Product/Goods/92091495,,,,
http://www.yes24.com/Product/Goods/87531165,,,,
http://www.yes24.com/Product/Goods/109024403,,,,
http://www.yes24.com/Product/Goods/80133063,,,,
http://www.yes24.com/Product/Goods/73620615,,,,
http://www.yes24.com/Product/Goods/73620608,,,,
http://www.yes24.com/Product/Goods/73620558,,,,
http://www.yes24.com/Product/Goods/73620395,,,,
http://www.yes24.com/Product/Goods/73620352,,,,
http://www.yes24.com/Product/Goods/73620345,,,,
http://www.yes24.com/Product/Goods/73620337,,,,
http://www.yes24.com/Product/Goods/73620128,,,,
http://www.yes24.com/Product/Goods/73619840,,,,
http://www.yes24.com/Product/Goods/63018097,,,,
http://www.yes24.com/Product/Goods/29330688,,,,
http://www.yes24.com/Product/Goods/18235523,,,,
http://www.yes24.com/Product/Goods/18235507,,,,
http://www.yes24.com/Product/Goods/18235444,,,,
http://www.yes24.com/Product/Goods/18235435,,,,
http://www.yes24.com/Product/Goods/9387098,,,,
http://www.yes24.com/Product/Goods/8420917,,,,
http://www.yes24.com/Product/Goods/8420673,,,,
http://www.yes24.com/Product/Goods/8207633,,,,
http://www.yes24.com/Product/Goods/7979861,,,,
http://www.yes24.com/Product/Goods/7979860,,,,
http://www.yes24.com/Product/Goods/7979858,,,,
http://www.yes24.com/Product/Goods/7957394,,,,
http://www.yes24.com/Product/Goods/8063695,,,,
http://www.yes24.com/Product/Goods/5472152,,,,
http://www.yes24.com/Product/Goods/5472145,,,,
http://www.yes24.com/Product/Goods/5472143,,,,
http://www.yes24.com/Product/Goods/5472139,,,,
http://www.yes24.com/Product/Goods/5472134,,,,
http://www.yes24.com/Product/Goods/5468634,,,,
http://www.yes24.com/Product/Goods/25538371,,,,
http://www.yes24.com/Product/Goods/4415708,,,,
http://www.yes24.com/Product/Goods/3265477,,,,
http://www.yes24.com/Product/Goods/12811077,,,,
http://www.yes24.com/Product/Goods/5078988,,,,
http://www.yes24.com/Product/Goods/1377191,,,,
http://www.yes24.com/Product/Goods/103012737,,,,
http://www.yes24.com/Product/Goods/12993404,,,,
http://www.yes24.com/Product/Goods/15112001,,,,
http://www.yes24.com/Product/Goods/29333925,,,,
http://www.yes24.com/Product/Goods/29333749,,,,
