title,author,tag
 맥베스,윌리엄 셰익스피어,"['#세계고전문학', '#영국고전', '#영국문학', '#4대비극', '#희곡', '#마녀', '#예언', '#욕망', '#야망']"
 체호프 단편선,안톤 체호프,"['#세계고전문학', '#러시아고전', '#러시아소설']"
 이반 데니소비치 수용소의 하루,알렉산드르 솔제니친,"['#세계고전문학', '#러시아고전', '#러시아소설', '#노벨문학상']"
 햄릿,셰익스피어,"['#세계고전문학', '#영국고전', '#영국문학', '#4대비극', '#희곡', '#복수', '#서울대추천도서']"
 관객모독,페터 한트케,"['#노벨문학상', '#세계고전문학', '#독일고전', '#독일문학', '#희곡', '#연극', '#언어', '#현대사회', '#풍자']"
 연인,마르그리트 뒤라스,"['#공쿠르상', '#자전적소설', '#프랑스문학']"
 고도를 기다리며,사뮈엘 베케트,"['#세계고전문학', '#프랑스고전', '#프랑스문학', '#노벨문학상', '#희곡', '#부조리극', '#허무주의', '#실존주의', '#비극', '#운명']"
 리어 왕,윌리엄 셰익스피어,"['#세계고전문학', '#영국고전', '#영국문학', '#4대비극', '#희곡', '#욕망', '#갈등', '#정의', '#윤리']"
 아우라,카를로스 푸엔테스,['']
 암흑의 핵심,조셉 콘래드,"['#영국소설', '#서구제국주의', '#세계고전문학']"
 로미오와 줄리엣,윌리엄 셰익스피어,"['#세계고전문학', '#영국고전', '#영국문학', '#희곡', '#사랑', '#순수', '#열정', '#운명', '#비극']"
 오셀로,윌리엄 셰익스피어,"['#세계고전문학', '#영국고전', '#영국문학', '#4대비극', '#희곡', '#신뢰', '#명예', '#차별', '#질투']"
 크눌프,헤르만 헤세,"['#세계고전문학', '#독일고전', '#독일소설']"
 카타리나 블룸의 잃어버린 명예,하인리히 뵐,"['#세계고전문학', '#독일고전', '#독일소설', '#노벨문학상']"
 보이지 않는 도시들,이탈로 칼비노,"['#세계고전문학', '#이탈리아고전', '#이탈리아소설']"
 클링조어의 마지막 여름,헤르만 헤세,"['#세계고전문학', '#독일고전', '#독일소설']"
 호밀밭의 파수꾼,제롬 데이비드 샐린저,"['#세계고전문학', '#미국고전', '#미국소설', '#자전적소설', '#성장소설', '#사춘기', '#청춘', '#심리', '#위선']"
 동물농장,조지 오웰,"['#세계고전문학', '#영국고전', '#영국소설', '#풍자소설', '#사회비판', '#착취', '#혁명', '#평등', '#권력', '#독재']"
 수레바퀴 아래서,헤르만 헤세,"['#세계고전문학', '#독일고전', '#독일소설', '#노벨문학상', '#자전적소설', '#성장소설', '#전통', '#권위', '#억압', '#파멸']"
 데미안,헤르만 헤세,"['#세계고전문학', '#독일소설', '#자전적소설', '#성장소설', '#청춘', '#고뇌', '#방황', '#자아', '#정신분석', '#전쟁']"
 싯다르타,헤르만 헤세,"['#세계고전문학', '#독일고전', '#독일소설', '#노벨문학상', '#자전적소설', '#성장소설', '#자아', '#수행', '#해탈', '#삶의철학']"
 노인과 바다,어니스트 헤밍웨이,"['#세계고전문학', '#미국고전', '#미국소설', '#노벨문학상', '#퓰리처상', '#실존철학', '#인간', '#자연', '#운명', '#용기']"
 설국,가와바타 야스나리,"['#세계고전문학', '#일본고전', '#일본소설', '#노벨문학상', '#서정소설', '#자연', '#풍경', '#묘사', '#정열', '#허무']"
 베니스의 상인,윌리엄 셰익스피어,"['#세계고전문학', '#영국고전', '#영국문학', '#희곡', '#희비극', '#사랑', '#목숨', '#계약', '#재판', '#정의']"
 한여름 밤의 꿈,윌리엄 셰익스피어,"['#세계고전문학', '#영국고전', '#영국문학', '#5대희극', '#희곡', '#사랑', '#마법', '#요정', '#꿈', '#환상']"
 구운몽,김만중,"['#세계고전문학', '#한국고전문학', '#한국고전', '#한국소설', '#환몽구조', '#환상문학', '#설화']"
 젊은 베르테르의 슬픔,요한 볼프강 폰 괴테,"['#세계고전문학', '#독일고전', '#독일소설', '#서간문학', '#사랑', '#순수', '#열정', '#비극', '#죽음']"
 금오신화,김시습,"['#세계고전문학', '#한국고전문학', '#한국고전', '#조선한문학']"
 페널티킥 앞에 선 골키퍼의 불안,페터 한트케,"['#세계고전문학', '#독일고전', '#독일소설', '#노벨문학상', '#상실', '#소외']"
 네루다의 우편배달부,안토니오 스카르메타,"['#칠레소설', '#영화원작소설', '#라틴아메리카문학']"
 반쪼가리 자작,이탈로 칼비노,"['#세계고전문학', '#이탈리아고전', '#이탈리아소설']"
 구덩이,안드레이 플라토노프,"['#세계고전문학', '#러시아고전', '#러시아소설']"
 인형의 집,헨리크 입센,"['#세계고전문학', '#북유럽고전', '#북유럽문학', '#노르웨이문학', '#희곡', '#여성서사', '#페미니즘', '#여성해방운동', '#권리', '#독립']"
 나사의 회전,헨리 제임스,"['#세계고전문학', '#영미소설', '#미국문학', '#미국소설']"
 브람스를 좋아하세요,프랑수아즈 사강,"['#세계고전문학', '#프랑스고전', '#프랑스소설', '#사랑', '#감정']"
 변신 시골의사,프란츠 카프카,"['#세계고전문학', '#독일고전', '#독일소설', '#실존주의소설', '#단편소설', '#현대인', '#불안', '#위기', '#소외']"
 욕망이라는 이름의 전차,테네시 윌리엄스,"['#퓰리처상', '#미국희곡']"
 백년의 고독 2,가브리엘 가르시아 마르케스,"['#세계고전문학', '#라틴아메리카문학', '#중남미문학', '#노벨문학상', '#신화', '#예언', '#신기루', '#사랑', '#삶', '#환상']"
 백년의 고독 1,가브리엘 가르시아 마르케스,"['#세계고전문학', '#라틴아메리카문학', '#중남미문학', '#노벨문학상', '#신화', '#예언', '#신기루', '#사랑', '#삶', '#환상']"
 파리대왕,윌리엄 골딩,"['#세계고전소설', '#노벨문학상', '#인간본성']"
 나의 미카엘,아모스 오즈,"['#세계고전문학', '#히브리문학', '#이스라엘소설']"
 야성의 부름,잭 런던,"['#세계고전문학', '#영미소설', '#미국문학', '#미국소설']"
 채털리 부인의 연인 2,D. H. 로렌스,"['#세계고전문학', '#영국고전', '#영국소설', '#자연주의소설', '#성적욕망', '#귀족계급', '#노동계급', '#산업사회', '#기계문명', '#억압']"
 채털리 부인의 연인 1,D. H. 로렌스,"['#세계고전문학', '#영국고전', '#영국소설', '#자연주의소설', '#성적욕망', '#귀족계급', '#노동계급', '#산업사회', '#기계문명', '#억압']"
 나자,앙드레 브르통,"['#세계고전문학', '#프랑스고전', '#프랑스소설']"
 파우스트 1,요한 볼프강 폰 괴테,"['#세계고전문학', '#독일고전', '#독일문학', '#희곡', '#신', '#인간', '#악마', '#거래', '#구원']"
 존재하지 않는 기사,이탈로 칼비노,"['#세계고전문학', '#이탈리아고전', '#이탈리아소설']"
 새로운 인생,단테,"['#세계고전문학', '#이탈리아고전', '#이탈리아소설']"
 인간 실격,다자이 오사무,"['#세계고전문학', '#일본고전', '#일본소설', '#자전적소설', '#수기', '#인간본성', '#불안', '#두려움', '#위선', '#파멸']"
 위대한 개츠비,F. 스콧 피츠제럴드,"['#세계고전문학', '#미국고전', '#미국소설', '#영화원작소설', '#미국사회', '#아메리칸드림', '#인간군상', '#사치', '#환상', '#이상주의']"
 다섯째 아이,도리스 레싱,"['#영국소설', '#세계고전문학', '#유전공학', '#인간복제', '#노벨문학상']"
 지하로부터의 수기,표도르 도스토예프스키,"['#세계고전문학', '#러시아고전', '#러시아소설']"
 무진기행,김승옥,"['#세계고전문학', '#한국고전문학', '#한국고전', '#단편소설']"
 세일즈맨의 죽음,아서 밀러,"['#세계고전문학', '#현대희곡', '#인간소외', '#자본주의', '#미국사회']"
 포스트맨은 벨을 두 번 울린다,제임스 M. 케인,"['#세계고전문학', '#영미소설', '#미국문학', '#미국소설']"
 뻬쩨르부르그 이야기,고골,"['#세계고전문학', '#러시아고전', '#러시아소설', '#단편소설', '#풍자소설']"
 변신이야기 1,오비디우스,"['#세계고전문학', '#이탈리아고전', '#이탈리아문학', '#고대로마', '#서사시', '#천지창조', '#신화', '#전설', '#신', '#영웅']"
 말테의 수기,라이너 마리아 릴케,"['#세계고전문학', '#독일고전', '#독일소설', '#일기체소설', '#인간실존', '#체험', '#고립', '#고독', '#불안', '#공포']"
 파리의 우울,샤를 피에르 보들레르,"['#세계고전문학', '#프랑스시', '#산문시', '#프랑스문학']"
 검찰관,니꼴라이 고골,"['#세계고전문학', '#러시아고전', '#러시아소설']"
 밤으로의 긴 여로,유진 오닐,"['#세계고전문학', '#영미희곡']"
 폴란드의 풍차,장 지오노,"['#세계고전문학', '#프랑스고전', '#프랑스소설']"
 찻집,라오서,['']
 변신이야기 2,오비디우스,"['#세계고전문학', '#이탈리아고전', '#이탈리아문학', '#고대로마', '#서사시', '#천지창조', '#신화', '#전설', '#신', '#영웅']"
 벨킨 이야기 스페이드 여왕,푸슈킨,"['#세계고전문학', '#러시아고전', '#러시아소설']"
 구르브 연락 없다,에두아르도 멘도사,"['#세계고전문학', '#스페인고전', '#스페인소설']"
 모두가 나의 아들,아서 밀러,"['#세계고전문학', '#영미소설', '#미국문학', '#미국소설']"
 누가 버지니아 울프를 두려워하랴,에드워드 올비,"['#세계고전문학', '#영미소설', '#미국문학', '#미국소설']"
 모렐의 발명,아돌포 비오이 카사레스,['']
 목화밭의 고독 속에서,베르나르마리 콜테스,"['#세계고전문학', '#프랑스고전', '#프랑스소설']"
 포르노그라피아,비톨트 곰브로비치,"['#세계고전문학', '#폴란드고전', '#폴란드소설']"
 뻬드로 빠라모,후안 룰포,['']
 미겔 스트리트,V. S. 나이폴,"['#세계고전문학', '#영미소설', '#영국문학', '#영국소설']"
 대머리 여가수,외젠 이오네스코,"['#세계고전문학', '#프랑스고전', '#프랑스소설']"
 버스 정류장,가오싱젠,"['#세계고전문학', '#중국고전', '#중국소설']"
 조서,르 클레지오,"['#노벨문학상', '#르노도상', '#프랑스소설', '#인간존재', '#존재적고뇌', '#누보누보로망']"
 필립과 다른 사람들,세스 노터봄,"['#세계고전문학', '#네덜란드소설']"
 파스쿠알 두아르테 가족,카밀로 호세 셀라,"['#세계고전문학', '#스페인고전', '#스페인소설']"
 하얀 성,오르한 파묵,"['#노벨문학상', '#세계고전문학', '#터키소설']"
 1984,조지 오웰,"['#세계고전문학', '#영국고전', '#영국소설', '#디스토피아소설', '#풍자소설', '#빅브라더', '#전체주의', '#지배', '#독재', '#감시']"
 나무 위의 남작,이탈로 칼비노,"['#세계고전문학', '#이탈리아고전', '#이탈리아소설']"
 젊은 예술가의 초상,제임스 조이스,"['#세계고전문학', '#영미고전', '#영미소설', '#자전적소설', '#모더니즘문학', '#정신성장']"
 이피게니에.스텔라,요한 볼프강 폰 괴테,"['#세계고전문학', '#독일고전', '#독일소설']"
 거미 여인의 키스,마누엘 푸익,"['#세계고전문학', '#라틴아메리카문학', '#동성애']"
 중국신화전설 2,위앤커,"['#세계고전문학', '#중국고전', '#중국소설']"
 주홍글자,너새니얼 호손,"['#세계고전문학', '#미국고전', '#미국소설', '#청교도', '#십계명', '#죄악', '#낙인', '#파멸', '#구원', '#이중성']"
 더 이상 평안은 없다,치누아 아체베,['']
 우리 시대의 영웅,미하일 레르몬토프,"['#세계고전문학', '#러시아고전', '#러시아소설']"
 내가 죽어 누워 있을 때,윌리엄 포크너,"['#세계고전문학', '#미국소설', '#죽음']"
 지상의 양식,앙드레 지드,"['#세계고전문학', '#프랑스에세이']"
 이방인,알베르 카뮈,"['#세계고전문학', '#프랑스고전', '#프랑스소설', '#노벨문학상', '#실존주의문학', '#사회부조리', '#관습', '#욕망', '#죽음', '#살인']"
 아무도 대령에게 편지하지 않다,가브리엘 가르시아 마르케스,['']
 사양,다자이 오사무,"['#세계고전문학', '#일본고전', '#일본소설']"
 홍길동전,허균,"['#세계고전문학', '#한국고전문학', '#한국고전', '#사회소설']"
 말,장 폴 사르트르,"['#세계고전문학', '#자서전']"
 달콤 쌉싸름한 초콜릿,라우라 에스키벨,"['#멕시코소설', '#페미니즘문학', '#요리문학']"
 콜레라 시대의 사랑 2,가르시아 마르케스,"['#노벨문학상', '#라틴아메리카']"
 콜레라 시대의 사랑 1,가르시아 마르케스,"['#노벨문학상', '#라틴아메리카']"
 소망 없는 불행,페터 한트케,"['#세계고전문학', '#독일고전', '#독일소설', '#노벨문학상', '#어머니', '#자살', '#절망', '#슬픔', '#아이키우기', '#상처']"
 달과 6펜스,서머싯 몸,"['#세계고전문학', '#영국고전', '#영국소설', '#폴고갱', '#인상파화가', '#타히티', '#환상', '#예술', '#오리엔탈리즘', '#풍자']"
 신곡: 지옥편,단테 알리기에리,"['#세계고전문학', '#이탈리아고전', '#이탈리아소설', '#서사시', '#욕망', '#죄악', '#운명', '#영혼', '#구원', '#성찰']"
 죄와 벌 2,도스토예프스키,"['#세계고전문학', '#러시아고전', '#러시아소설', '#청춘', '#고뇌', '#심리', '#갈등', '#광기', '#사랑', '#구원']"
 뒤렌마트 희곡선,프리드리히 뒤렌마트,"['#세계고전문학', '#독일고전', '#독일소설']"
 독일어 시간 1,지그프리트 렌츠,"['#세계고전문학', '#독일고전', '#독일소설']"
 무정,이광수,"['#세계고전문학', '#한국고전문학', '#한국고전', '#한국소설']"
 깊은 강,엔도 슈사쿠,"['#세계고전문학', '#일본고전', '#일본소설', '#종교소설', '#인도']"
 제49호 품목의 경매,토머스 핀천,"['#세계고전문학', '#영미소설', '#미국문학', '#미국소설']"
 런던 스케치,도리스 레싱,"['#세계고전문학', '#단편소설', '#영국문학']"
 모래의 여자,아베 코보,"['#요미우리문학상', '#프랑스최우수외국문학상', '#세계고전문학', '#일본고전', '#일본소설']"
 카탈로니아 찬가,조지 오웰,"['#세계고전문학', '#영미소설', '#영국문학', '#영국소설']"
 그물을 헤치고,아이리스 머독,"['#세계고전문학', '#영미소설', '#영국문학', '#영국소설']"
 성채 2,A. J. 크로닌,"['#세계고전문학', '#영미소설', '#영국문학', '#영국소설']"
 성채 1,A. J. 크로닌,"['#세계고전문학', '#영미소설', '#영국문학', '#영국소설']"
 파리의 노트르담 2,빅토르 위고,"['#세계고전문학', '#프랑스고전', '#프랑스소설', '#낭만주의문학', '#순수', '#사랑', '#욕망', '#탐욕', '#파국', '#시대상']"
 파리의 노트르담 1,빅토르 위고,"['#세계고전문학', '#프랑스고전', '#프랑스소설', '#낭만주의문학', '#순수', '#사랑', '#욕망', '#탐욕', '#파국', '#시대상']"
 파우스트 2,요한 볼프강 폰 괴테,"['#세계고전문학', '#독일고전', '#독일문학', '#희곡', '#신', '#인간', '#악마', '#거래', '#구원']"
 신곡 : 천국편,단테 알리기에리,"['#세계고전문학', '#이탈리아고전', '#이탈리아소설', '#서사시', '#욕망', '#죄악', '#운명', '#영혼', '#구원', '#성찰']"
 황야의 이리,헤르만 헤세,"['#세계고전문학', '#독일고전', '#독일소설', '#철학소설', '#자전적소설']"
 제인 에어 2,샬럿 브론테,"['#세계고전문학', '#영국고전', '#영국소설', '#페미니즘', '#여성서사', '#성장소설', '#고딕소설', '#사랑', '#열정', '#자아실현']"
 신곡 : 연옥편,단테 알리기에리,"['#세계고전문학', '#이탈리아고전', '#이탈리아소설', '#서사시', '#욕망', '#죄악', '#운명', '#영혼', '#구원', '#성찰']"
 피츠제럴드 단편선,F. 스콧 피츠제럴드,"['#세계고전문학', '#미국문학']"
 고리오 영감,오노레 드 발자크,"['#세계고전문학', '#프랑스고전', '#프랑스소설']"
 썩은 잎,가브리엘 가르시아 마르케스,['']
 부활 2,레프 톨스토이,"['#세계고전문학', '#러시아고전', '#러시아소설', '#사회부조리', '#신분', '#사랑', '#타락', '#부패', '#구원', '#비판']"
 성역,윌리엄 포크너,"['#세계고전문학', '#영미소설', '#미국문학', '#미국소설']"
 바덴바덴에서의 여름,레오니드 치프킨,"['#세계고전문학', '#러시아고전', '#러시아소설']"
 질투,알랭 로브 그리예,"['#세계고전문학', '#프랑스고전', '#프랑스소설']"
 푸른 꽃,노발리스,"['#세계고전문학', '#독일고전', '#독일소설']"
 아들과 연인 2,데이비드 허버트 로렌스,"['#세계고전문학', '#영미소설', '#영국문학', '#영국소설']"
 아들과 연인 1,데이비드 허버트 로렌스,"['#세계고전문학', '#영미소설', '#영국문학', '#영국소설']"
 밤의 군대들,노먼 메일러,"['#세계고전문학', '#영미소설', '#미국문학', '#미국소설']"
 리스본의 겨울,안토니오 무뇨스 몰리나,"['#세계고전문학', '#스페인고전', '#스페인소설']"
 너새니얼 호손 단편선,너새니얼 호손,"['#세계고전문학', '#영미소설', '#미국문학', '#미국소설']"
 부활 1,레프 톨스토이,"['#세계고전문학', '#러시아고전', '#러시아소설', '#사회부조리', '#신분', '#사랑', '#타락', '#부패', '#구원', '#비판']"
 독일어 시간 2,지그프리트 렌츠,"['#세계고전문학', '#독일고전', '#독일소설']"
 텔크테에서의 만남,귄터 그라스,"['#세계고전문학', '#독일고전', '#독일소설']"
 시칠리아에서의 대화,엘리오 비토리니,"['#세계고전문학', '#이탈리아고전', '#이탈리아소설']"
 마사 퀘스트,도리스 레싱,"['#세계고전문학', '#영미소설', '#영국문학', '#영국소설']"
 보이체크 당통의 죽음,게오르크 뷔히너,"['#세계고전문학', '#독일고전', '#독일소설']"
 아메리칸,헨리 제임스,"['#세계고전문학', '#영미소설', '#미국문학', '#미국소설']"
 의지와 운명 2,카를로스 푸엔테스,['']
 적과 흑 2,스탕달,"['#세계고전문학', '#프랑스고전', '#프랑스소설', '#사실주의소설', '#왕정복고시대', '#사회부조리', '#사회비판', '#시대상', '#계급']"
 길 위에서 2,잭 케루악,"['#세계고전문학', '#미국반체제문학', '#비트문학']"
 테스 2,토머스 하디,"['#세계고전문학', '#영국고전', '#영국소설', '#비극', '#인생역정', '#인습', '#모순', '#이중성', '#편견']"
 카라마조프가의 형제들 2,표도르 도스토옙스키,"['#세계고전문학', '#러시아고전', '#러시아소설', '#가족', '#종교', '#믿음', '#사랑', '#욕망', '#구원', '#인간본성']"
 적과 흑 1,스탕달,"['#세계고전문학', '#프랑스고전', '#프랑스소설', '#사실주의소설', '#왕정복고시대', '#사회부조리', '#사회비판', '#시대상', '#계급']"
 시르트의 바닷가,쥘리앙 그라크,"['#세계고전문학', '#프랑스고전', '#프랑스소설']"
 오스카 와일드 작품선,오스카 와일드,"['#세계고전문학', '#영미소설', '#영국문학', '#영국소설']"
 오만과 편견,제인 오스틴,"['#세계고전문학', '#영국고전', '#영국소설', '#사랑', '#결혼', '#신분', '#오해', '#자매', '#영화원작소설', '#드라마원작소설']"
 그후,나쓰메 소세키,"['#세계고전문학', '#일본고전', '#일본소설', '#일본근대문학']"
 팡세,파스칼 블레이즈,"['#세계고전문학', '#프랑스고전', '#프랑스문학', '#프랑스철학', '#명상록', '#기독교', '#진리']"
 참을 수 없는 존재의 가벼움,밀란 쿤데라,"['#세계고전문학', '#체코소설', '#유럽역사', '#프라하의봄']"
 톰 소여의 모험,마크 트웨인,"['#세계고전문학', '#미국고전', '#미국소설', '#풍자소설', '#악동', '#친구', '#우정', '#모험', '#유년시절', '#순수']"
 인생의 베일,서머싯 몸,"['#세계고전문학', '#영화원작소설', '#영국소설']"
 카라마조프가의 형제들 1,표도르 도스토옙스키,"['#세계고전문학', '#러시아고전', '#러시아소설', '#가족', '#종교', '#믿음', '#사랑', '#욕망', '#구원', '#인간본성']"
 폭풍의 언덕,에밀리 브론테,"['#세계고전문학', '#영국고전', '#영국소설', '#인간본성', '#인간군상', '#사랑', '#증오', '#복수', '#애증', '#영화원작소설']"
 알레프,호르헤 루이스 보르헤스,['']
 뜨거운 양철 지붕 위의 고양이 유리 동물원,테네시 윌리엄스,"['#세계고전문학', '#영미소설', '#미국문학', '#미국소설']"
 오이디푸스 왕,소포클레스,"['#세계고전문학', '#그리스문학', '#고대그리스', '#희곡', '#희랍비극', '#신화', '#예언', '#저주', '#운명']"
 순수의 시대,이디스 워튼,"['#세계고전문학', '#미국고전', '#미국소설', '#퓰리처상', '#사랑', '#결혼', '#모순', '#상류사회', '#시대상', '#영화원작소설']"
 분노의 포도 1,존 스타인벡,"['#세계고전문학', '#미국소설', '#대공황시대', '#퓰리처상', '#노벨문학상']"
 모든 것이 산산이 부서지다,치누아 아체베,"['#아프리카문학', '#제국주의', '#탈식민주의문학', '#민족문학', '#세계고전문학']"
 춘향전,송성욱 (옮김),"['#세계고전문학', '#한국고전문학', '#한국고전', '#한국소설', '#한글소설', '#판소리계소설']"
 차라투스트라는 이렇게 말했다,프리드리히 니체,"['#세계고전문학', '#독일고전', '#독일소설', '#핵심철학', '#인간세계', '#원칙', '#삶', '#예술', '#사상']"
 마담 보바리,귀스타브 플로베르,"['#세계고전문학', '#프랑스고전', '#프랑스소설', '#사실주의소설', '#보바리즘', '#자본주의', '#허영', '#불륜', '#비극', '#파멸']"
 삶의 한가운데,루이제 린저,"['#세계고전문학', '#독일고전', '#독일소설', '#반나치즘', '#휴머니즘']"
 인간의 굴레에서 2,서머싯 몸,"['#세계고전문학', '#자전적소설', '#영국문학']"
 인간의 굴레에서 1,서머싯 몸,"['#세계고전문학', '#자전적소설', '#영국문학']"
 방드르디 태평양의 끝,미셸 투르니에,"['#로빈슨크루소', '#패러디문학', '#프랑스문학']"
 죄와 벌 1,도스토예프스키,"['#세계고전문학', '#러시아고전', '#러시아소설', '#청춘', '#고뇌', '#심리', '#갈등', '#광기', '#사랑', '#구원']"
 픽션들,호르헤 루이스 보르헤스,"['#아르헨티나소설', '#단편소설']"
 한국단편문학선 2,김동인 외,"['#세계고전문학', '#한국고전문학', '#한국고전', '#한국소설']"
 한국단편문학선 1,김동인,"['#세계고전문학', '#한국고전문학', '#한국고전', '#한국소설']"
 이성과 감성,제인 오스틴,"['#세계고전문학', '#영국고전', '#영국소설', '#사랑', '#연애', '#결혼', '#이별', '#감정', '#자매', '#영화원작소설']"
 이름 없는 주드 2,토머스 하디,"['#세계고전문학', '#영미소설', '#영국문학', '#영국소설']"
 이름 없는 주드 1,토머스 하디,"['#세계고전문학', '#영미소설', '#영국문학', '#영국소설']"
 빌헬름 마이스터의 수업시대 2,요한 볼프강 폰 괴테,"['#세계고전문학', '#독일고전', '#독일소설']"
 길 위에서 1,잭 케루악,"['#세계고전문학', '#비트문학', '#미국반체제문학']"
 테스 1,토머스 하디,"['#세계고전문학', '#영국고전', '#영국소설', '#비극', '#인생역정', '#인습', '#모순', '#이중성', '#편견']"
 풀잎은 노래한다,도리스 레싱,"['#노벨문학상', '#영국소설', '#식민지사회', '#남아프리카', '#개인과집단', '#흑인과백인', '#정체성', '#이주민']"
 히로시마 내 사랑,마르그리트 뒤라스,"['#세계고전문학', '#프랑스고전', '#프랑스소설', '#시나리오', '#영화각본']"
 북호텔,외젠 다비,"['#세계고전문학', '#프랑스고전', '#프랑스소설']"
 이선 프롬,이디스 워튼,"['#세계고전문학', '#미국고전', '#미국소설', '#자전적소설', '#결혼', '#글쓰기', '#사랑', '#갈등']"
 카라마조프가의 형제들 3,표도르 도스토옙스키,"['#세계고전문학', '#러시아고전', '#러시아소설', '#가족', '#종교', '#믿음', '#사랑', '#욕망', '#구원', '#인간본성']"
 타라스 불바,니콜라이 고골,"['#세계고전문학', '#러시아고전', '#러시아소설']"
 도둑 일기,장 주네,"['#세계고전문학', '#프랑스고전', '#프랑스소설']"
 자기만의 방,버지니아 울프,"['#세계고전문학', '#영국고전', '#영국문학', '#영국에세이', '#페미니즘', '#성불평등', '#젠더', '#차별', '#가부장제', '#자립']"
 중국신화전설 1,위앤커,"['#세계고전문학', '#중국고전', '#중국소설']"
 캐치-22 1,조지프 헬러,"['#세계고전문학', '#영미소설', '#미국문학', '#미국소설']"
 검은 튤립,알렉상드르 뒤마,"['#세계고전문학', '#프랑스고전', '#프랑스소설']"
 피츠제럴드 단편선 2,F. 스콧 피츠제럴드,"['#세계고전문학', '#영미소설', '#미국문학', '#미국소설']"
 하드리아누스 황제의 회상록 1,마르그리트 유르스나르,"['#세계고전문학', '#영미소설']"
 운명의 딸 2,이사벨 아옌데,['']
 운명의 딸 1,이사벨 아옌데,['']
 라셀라스,새뮤얼 존슨,"['#세계고전문학', '#영미소설', '#영국문학', '#영국소설']"
 돼지꿈,황석영,"['#세계고전문학', '#한국고전문학', '#한국고전', '#한국소설']"
 안개,미겔 데 우나무노,"['#세계고전문학', '#스페인고전', '#스페인소설']"
 페르디두르케,비톨트 곰브로비치,"['#세계고전문학', '#폴란드고전', '#폴란드소설']"
 한 줌의 먼지,에벌린 워,"['#세계고전문학', '#영미소설', '#영국문학', '#영국소설']"
 요술 부지깽이,로버트 쿠버,"['#세계고전문학', '#영미소설', '#미국문학', '#미국소설']"
 베를린 알렉산더 광장 2,알프레트 되블린,"['#세계고전문학', '#독일고전', '#독일소설', '#서사문학', '#도시소설', '#대도시', '#인간', '#삶', '#수난']"
 불타는 평원,후안 룰포,['']
 베를린 알렉산더 광장 1,알프레트 되블린,"['#세계고전문학', '#독일고전', '#독일소설', '#서사문학', '#도시소설', '#대도시', '#인간', '#삶', '#수난']"
 의지와 운명 1,카를로스 푸엔테스,['']
 로드 짐 1,조셉 콘래드,"['#세계고전문학', '#영미소설', '#영국문학', '#영국소설']"
 브루스터플레이스의 여자들,글로리아 네일러,"['#세계고전문학', '#영미소설', '#미국문학', '#미국소설']"
 경이로운 도시 2,에두아르도 멘도사,"['#세계고전문학', '#스페인고전', '#스페인소설']"
 벌집,카밀로 호세 셀라,"['#세계고전문학', '#스페인고전', '#스페인소설']"
 피라미드,윌리엄 골딩,"['#세계고전문학', '#영미소설', '#영국문학', '#영국소설']"
 숄로호프 단편선,미하일 숄로호프,"['#세계고전문학', '#러시아고전', '#러시아소설']"
 태양은 다시 떠오른다,어니스트 헤밍웨이,"['#세계고전문학', '#영미소설', '#미국문학', '#미국소설']"
 에드거 앨런 포 단편선,에드거 앨런 포,"['#세계고전문학', '#영미소설', '#미국소설', '#환상문학', '#공포소설']"
 어느 시골 신부의 일기,조르주 베르나노스,"['#세계고전문학', '#프랑스고전', '#프랑스소설']"
 그레인지 코플랜드의 세 번째 인생,앨리스 워커,"['#세계고전문학', '#영미소설', '#미국문학', '#미국소설']"
 여름,이디스 워튼,"['#세계고전문학', '#미국고전', '#미국소설', '#성장소설', '#여성서사', '#성적열정', '#욕망', '#정신적성숙']"
 여자의 일생,기 드 모파상,"['#세계고전문학', '#프랑스고전', '#프랑스소설']"
 닫힌 방 악마와 선한 신,장 폴 사르트르,"['#세계고전문학', '#프랑스고전', '#프랑스소설']"
 레 미제라블 2,빅토르 위고,['']
 레 미제라블 1,빅토르 위고,"['#세계고전문학', '#프랑스문학', '#프랑스소설']"
 라쇼몬,아쿠타가와 류노스케,"['#세계고전문학', '#일본고전', '#일본소설']"
 위대한 유산 2,찰스 디킨스,"['#세계고전문학', '#영국고전', '#영국소설', '#성장소설', '#사춘기', '#신분상승', '#인간본성', '#욕망', '#영화원작소설']"
 위대한 유산 1,찰스 디킨스,"['#세계고전문학', '#영국고전', '#영국소설', '#성장소설', '#사춘기', '#신분상승', '#인간본성', '#욕망', '#영화원작소설']"
 첫사랑,투르게네프,"['#세계고전문학', '#러시아고전', '#러시아소설']"
 나르치스와 골드문트,헤르만 헤세,"['#세계고전문학', '#독일고전', '#독일소설', '#성장소설']"
 양철북 2,귄터 그라스,"['#세계고전문학', '#독일고전', '#독일소설', '#노벨문학상', '#영화원작소설', '#나치', '#전후독일사회', '#반항', '#폭력', '#역사']"
 양철북 1,귄터 그라스,"['#세계고전문학', '#독일고전', '#독일소설', '#노벨문학상', '#영화원작소설', '#나치', '#전후독일사회', '#반항', '#폭력', '#역사']"
 토니오 크뢰거 트리스탄,토마스 만,"['#세계고전문학', '#독일고전', '#독일소설', '#단편소설']"
 운명,임레 케르테스,"['#노벨문학상', '#세계고전문학', '#헝가리소설']"
 안나 카레니나 1,레프 톨스토이,"['#세계고전문학', '#러시아고전', '#러시아소설', '#사회', '#역사', '#과도기', '#사랑', '#결혼', '#가족', '#영화원작소설']"
 농담,밀란 쿤데라,"['#세계고전문학', '#체코소설', '#사회주의']"
 시지프 신화,알베르 카뮈,"['#세계고전문학', '#프랑스고전', '#프랑스소설']"
 더블린 사람들,제임스 조이스,"['#세계고전문학', '#영미고전', '#영미소설', '#아일랜드사회', '#타락', '#인간군상', '#욕망', '#위선', '#삶의진실']"
 모래 사나이,E. T. A. 호프만,['']
 빌헬름 마이스터의 수업시대 1,요한 볼프강 폰 괴테,"['#세계고전문학', '#독일고전', '#독일소설']"
 노생거 사원,제인 오스틴,"['#세계고전문학', '#영국고전', '#영국소설', '#풍자소설', '#성장', '#청춘', '#사랑', '#결혼', '#사회상', '#허위의식']"
 게걸음으로,귄터 그라스,"['#세계고전문학', '#독일고전', '#독일소설']"
 감정 교육 2,귀스타브 플로베르,"['#세계고전문학', '#프랑스고전', '#프랑스소설']"
 감정 교육 1,귀스타브 플로베르,"['#세계고전문학', '#프랑스고전', '#프랑스소설']"
 유리알 유희 2,헤르만 헤세,"['#세계고전문학', '#독일고전', '#독일소설']"
 에덴의 동쪽 1,존 스타인벡,"['#세계고전문학', '#미국고전', '#미국소설', '#노벨문학상', '#자전적소설', '#가족사', '#창세기', '#원죄', '#구원', '#영화원작소설']"
 괴테와의 대화 2,요한 페터 에커만,"['#세계고전문학', '#독일고전', '#독일소설']"
 등대로,버지니아 울프,"['#세계고전문학', '#영국고전', '#영국소설', '#자전적소설', '#가족', '#폭력', '#유년시절', '#의식', '#흐름', '#내면']"
 헤밍웨이 단편선 2,어니스트 헤밍웨이,"['#세계고전문학', '#영미소설', '#미국문학', '#미국소설']"
 무기여 잘 있어라,어니스트 헤밍웨이,['']
 문학이란 무엇인가,장 폴 사르트르,"['#세계고전문학', '#문학개론서', '#문학론', '#문학평론']"
 헤밍웨이 단편선 1,어니스트 헤밍웨이,"['#세계고전문학', '#영미소설', '#미국문학', '#미국소설']"
 영혼의 집 2,이사벨 아옌데,['']
 영혼의 집 1,이사벨 아옌데,['']
 누구를 위하여 종은 울리나 1,어니스트 헤밍웨이,"['#세계고전문학', '#영미소설', '#미국문학', '#미국소설']"
 누구를 위하여 종은 울리나 2,어니스트 헤밍웨이,"['#세계고전문학', '#영미소설', '#미국문학', '#미국소설']"
 레 미제라블 5,빅토르 위고,['']
 레 미제라블 3,빅토르 위고,['']
 육체의 악마,레몽 라디게,"['#세계고전문학', '#프랑스고전', '#프랑스소설']"
 상속자들,윌리엄 골딩,"['#세계고전문학', '#영미소설', '#영국문학', '#영국소설']"
 하드리아누스 황제의 회상록 2,마르그리트 유르스나르,"['#세계고전문학', '#영미소설']"
 플로스 강의 물방앗간 1,조지 엘리엇,"['#세계고전문학', '#영미소설', '#영국문학', '#영국소설']"
 새로운 인생,오르한 파묵,"['#노벨문학상', '#세계고전문학', '#터키소설']"
 이탈리아 기행 2,요한 볼프강 폰 괴테,"['#세계고전문학', '#독일고전', '#독일소설']"
 이탈리아 기행 1,요한 볼프강 폰 괴테,"['#세계고전문학', '#독일고전', '#독일소설']"
 파르마의 수도원 2,스탕달,"['#세계고전문학', '#프랑스고전', '#프랑스소설']"
 파르마의 수도원 1,스탕달,"['#세계고전문학', '#프랑스고전', '#프랑스소설']"
 신의 화살,치누아 아체베,['']
 무지개 2,데이비드 허버트 로렌스,"['#세계고전문학', '#영미소설', '#영국문학', '#영국소설']"
 넙치 2,권터 그라스,"['#세계고전문학', '#독일고전', '#독일소설']"
 왕자와 거지,마크 트웨인,"['#세계고전문학', '#영미소설', '#미국문학', '#미국소설']"
 반바지 당나귀,앙리 보스코,"['#세계고전문학', '#프랑스고전', '#프랑스소설']"
 정복자들,앙드레 말로,"['#세계고전문학', '#프랑스고전', '#프랑스소설']"
 코스모스,비톨트 곰브로비치,"['#세계고전문학', '#폴란드고전', '#폴란드소설']"
 태엽 감는 새 연대기 2: 예언하는 새,무라카미 하루키,"['#요미우리문학상', '#일본소설', '#인간존재', '#아내', '#가출', '#남편', '#고양이', '#폭력', '#역사', '#2차세계대전']"
 소피의 선택 1,윌리엄 스타이런,"['#세계고전문학', '#영미소설', '#미국문학', '#미국소설']"
 뇌우,차오위,"['#세계고전문학', '#중국고전', '#중국소설']"
 무지개 1,데이비드 허버트 로렌스,"['#세계고전문학', '#영미소설', '#영국문학', '#영국소설']"
 의식(Rituelen),세스 노터봄,"['#세계고전문학', '#네덜란드소설']"
 태엽 감는 새 연대기 1: 도둑 까치,무라카미 하루키,"['#요미우리문학상', '#일본소설', '#인간존재', '#아내', '#가출', '#남편', '#고양이', '#폭력', '#역사', '#2차세계대전']"
 야콥을 둘러싼 추측들,우베 욘존,"['#폰타네상', '#세계고전문학', '#독일분단문학']"
 나누어진 하늘,크리스타 볼프,"['#세계고전문학', '#독일고전', '#독일소설']"
 플로스 강의 물방앗간 2,조지 엘리엇,"['#세계고전문학', '#영미소설', '#영국문학', '#영국소설']"
 키메라,존 바스,"['#세계고전문학', '#영미소설', '#미국문학', '#미국소설']"
 왑샷 가문 몰락기,존 치버,"['#세계고전문학', '#영미소설', '#미국문학', '#미국소설']"
 바다여 바다여 2,아이리스 머독,['#맨부커상']
 바다여 바다여 1,아이리스 머독,['#맨부커상']
 벨아미,모파상,"['#세계고전문학', '#프랑스고전', '#프랑스소설']"
 경이로운 도시 1,에두아르도 멘도사,"['#세계고전문학', '#스페인고전', '#스페인소설']"
 내 이름은 빨강 2,오르한 파묵,"['#노벨문학상', '#세계고전문학', '#터키소설', '#역사추리소설']"
 내 이름은 빨강 1,오르한 파묵,"['#노벨문학상', '#세계고전문학', '#터키소설', '#역사추리소설']"
 청부 살인자의 성모,페르난도 바예호,['']
 분노의 포도 2,존 스타인벡,"['#노벨문학상', '#퓰리처상', '#세계고전문학', '#미국소설', '#대공황시대']"
 허클베리 핀의 모험,마크 트웨인,"['#세계고전문학', '#미국고전', '#미국소설', '#노예제도', '#인종차별', '#모험', '#성장', '#용기', '#자유', '#위선']"
 닥터 지바고 1,보리스 파스테르나크,"['#세계고전문학', '#러시아고전', '#러시아소설', '#소비에트문학', '#노벨문학상', '#자전적소설', '#인간존엄', '#고뇌', '#혁명', '#시대상']"
 올리버 트위스트 2,찰스 디킨스,"['#세계고전문학', '#영국고전', '#영국소설', '#산업혁명', '#시대상', '#불평등', '#착취', '#고아', '#용기', '#교훈']"
 올리버 트위스트 1,찰스 디킨스,"['#세계고전문학', '#영국고전', '#영국소설', '#산업혁명', '#시대상', '#불평등', '#착취', '#고아', '#용기', '#교훈']"
 파우스트 박사 1,토마스 만,"['#세계고전문학', '#독일고전', '#독일소설', '#노벨문학상', '#시민', '#예술', '#정신', '#육체', '#대립', '#광기']"
 환락의 집 2,이디스 워튼,"['#돈', '#몰락', '#가족', '#결혼']"
 환락의 집 1,이디스 워튼,"['#돈', '#몰락', '#가족', '#결혼']"
 케이크와 맥주,서머싯 몸,"['#실존인물', '#풍자소설', '#성공', '#창작']"
 태어나지 않은 아이를 위한 기도,임레 케르테스,['']
 이상 소설 전집,이상,"['#세계고전문학', '#한국고전문학', '#한국고전', '#모더니즘']"
 푸슈킨 선집: 희곡 서사시 편,알렉산드르 푸슈킨,"['#세계고전문학', '#러시아고전', '#러시아소설']"
 괴테와의 대화 1,요한 페터 에커만,"['#세계고전문학', '#독일고전', '#독일소설']"
 면도날,서머싯 몸,"['#세계고전문학', '#영미소설', '#영국문학', '#영국소설']"
 악령 1,표도르 도스토옙스키,"['#러시아소설', '#고전소설']"
 오 헨리 단편선,오 헨리,"['#마지막잎새', '#크리스마스선물']"
 뻐꾸기 둥지 위로 날아간 새,켄 키지,"['#영화원작', '#희망']"
 불멸,밀란 쿤데라,"['#세계고전문학', '#체코소설']"
 개선문 1,에리히 마리아 레마르크,"['#세계고전문학', '#독일고전', '#독일소설', '#불안', '#피난처', '#사랑', '#도피', '#일탈', '#평화', '#안전']"
 유리알 유희 1,헤르만 헤세,"['#세계고전문학', '#독일고전', '#독일소설']"
 보이지 않는 인간 2,랠프 엘리슨,"['#세계고전문학', '#영미소설', '#미국문학', '#미국소설']"
 보이지 않는 인간 1,랠프 엘리슨,"['#세계고전문학', '#영미소설', '#미국문학', '#미국소설']"
 에덴의 동쪽 2,존 스타인벡,"['#세계고전문학', '#미국고전', '#미국소설', '#노벨문학상', '#자전적소설', '#가족사', '#창세기', '#원죄', '#구원', '#영화원작소설']"
 부덴브로크 가의 사람들 2,토마스 만,"['#세계고전문학', '#독일고전', '#독일소설']"
 부덴브로크 가의 사람들 1,토마스 만,"['#세계고전문학', '#독일고전', '#독일소설']"
 설득,제인 오스틴,"['#세계고전문학', '#영미소설', '#영국문학', '#영국소설']"
 안나 카레니나 3,톨스토이,"['#세계고전문학', '#러시아고전', '#러시아소설', '#사회', '#역사', '#과도기', '#사랑', '#결혼', '#가족', '#영화원작소설']"
 위대한 몬느,알랭 푸르니에,"['#세계고전문학', '#프랑스고전', '#프랑스소설']"
 쿠오 바디스 2,헨릭 시엔키에비츠,"['#노벨문학상', '#세계고전문학', '#폴란드소설', '#네로시대', '#로마', '#기독교', '#박해', '#사상', '#갈등', '#화해']"
 쿠오 바디스 1,헨릭 시엔키에비츠,"['#노벨문학상', '#세계고전문학', '#폴란드소설', '#네로시대', '#로마', '#기독교', '#박해', '#사상', '#갈등', '#화해']"
 넙치 1,권터 그라스,"['#세계고전문학', '#독일고전', '#독일소설']"
 사바나의 개미 언덕,치누아 아체베,['']
 소피의 선택 2,윌리엄 스타이런,"['#세계고전문학', '#영미소설', '#미국문학', '#미국소설']"
 레 미제라블 4,빅토르 위고,['']
 폭력적인 삶,피에르 파올로 파솔리니,"['#세계고전문학', '#이탈리아고전', '#이탈리아소설']"
 연초 도매상 1,존 바스,"['#세계고전문학', '#영미소설', '#미국소설', '#포스트모더니즘', '#실존인물', '#리얼리티', '#모방', '#위조']"
 여인의 초상 2,헨리 제임스,"['#세계고전문학', '#미국고전', '#미국소설', '#결혼', '#자유', '#독립', '#희생', '#시련']"
 일곱 박공의 집,너새니얼 호손,"['#세계고전문학', '#영미소설', '#미국문학', '#미국소설']"
 개선문 2,에리히 마리아 레마르크,"['#세계고전문학', '#독일고전', '#독일소설', '#불안', '#피난처', '#사랑', '#도피', '#일탈', '#평화', '#안전']"
 말리나,잉에보르크 바흐만,"['#세계고전문학', '#독일고전', '#독일소설']"
 운명론자 자크와 그의 주인,드니 디드로,"['#세계고전문학', '#한국고전문학', '#한국고전', '#한국소설']"
 빌헬름 텔 간계와 사랑,프리드리히 실러,"['#세계고전문학', '#독일고전', '#독일소설']"
 파우스트 박사 2,토마스 만,"['#세계고전문학', '#독일고전', '#독일소설', '#노벨문학상', '#시민', '#예술', '#정신', '#육체', '#대립', '#광기']"
 연초 도매상 2,존 바스,"['#세계고전문학', '#영미소설', '#미국소설', '#포스트모더니즘', '#실존인물', '#리얼리티', '#모방', '#위조']"
 왑샷 가문 연대기,존 치버,"['#세계고전문학', '#영미소설', '#미국문학', '#미국소설']"
 우리 동네 아이들 2,나지브 마흐푸즈,['']
 연초 도매상 3,존 바스,"['#세계고전문학', '#영미소설', '#미국소설', '#포스트모더니즘', '#실존인물', '#리얼리티', '#모방', '#위조']"
 모옌 중단편선,모옌,"['#세계고전문학', '#중국고전', '#중국소설']"
 여인의 초상 1,헨리 제임스,"['#세계고전문학', '#미국고전', '#미국소설', '#결혼', '#자유', '#독립', '#희생', '#시련']"
 데카메론 2,조반니 보카치오,"['#세계고전문학', '#이탈리아고전', '#이탈리아소설', '#페스트', '#흑사병', '#피렌체', '#유머', '#풍자']"
 안나 카레니나 2,톨스토이,"['#세계고전문학', '#러시아고전', '#러시아소설', '#사회', '#역사', '#과도기', '#사랑', '#결혼', '#가족', '#영화원작소설']"
 사랑할 때와 죽을 때,에리히 마리아 레마르크,"['#세계고전문학', '#독일고전', '#독일소설']"
 데카메론 1,조반니 보카치오,"['#세계고전문학', '#이탈리아고전', '#이탈리아소설', '#페스트', '#흑사병', '#피렌체', '#유머', '#풍자']"
 데카메론 3,조반니 보카치오,"['#세계고전문학', '#이탈리아고전', '#이탈리아소설', '#페스트', '#흑사병', '#피렌체', '#유머', '#풍자']"
 눈먼 암살자 2,마거릿 애트우드,"['#부커상', '#해미트상', '#영미소설', '#역사소설', '#빈부격차', '#자본주의', '#계급주의', '#비극', '#상실', '#후회']"
 눈먼 암살자 1,마거릿 애트우드,"['#부커상', '#해미트상', '#영미소설', '#역사소설', '#빈부격차', '#자본주의', '#계급주의', '#비극', '#상실', '#후회']"
 암 병동 2,알렉산드르 이사예비치 솔제니친,"['#세계고전문학', '#러시아고전', '#러시아소설']"
 위폐범들,앙드레 지드,"['#세계고전문학', '#프랑스고전', '#프랑스소설']"
 우리 동네 아이들 1,나지브 마흐푸즈,['']
 노르웨이의 숲,무라카미 하루키,"['#일본소설', '#청춘', '#사랑', '#고독', '#방황', '#아픔', '#자살', '#죽음']"
 태평양을 막는 제방,마르그리트 뒤라스,['#프랑스고전소설']
 좁은 문 전원교향곡 배덕자,앙드레 지드,"['#세계고전문학', '#프랑스고전', '#프랑스소설', '#노벨문학상', '#자전적소설', '#반종교', '#인간본성', '#사랑', '#감정', '#비극']"
 페스트,알베르 카뮈,"['#세계고전문학', '#프랑스소설', '#노벨문학상', '#흑사병', '#전염병', '#사회부조리', '#인간군상', '#상징', '#비극', '#희망']"
 닥터 지바고 2,보리스 파스테르나크,"['#세계고전문학', '#러시아고전', '#러시아소설', '#소비에트문학', '#노벨문학상', '#자전적소설', '#인간존엄', '#고뇌', '#혁명', '#시대상']"
 압살롬 압살롬,윌리엄 포크너,"['#세계고전문학', '#영미소설', '#미국문학', '#미국소설']"
" 시여, 침을 뱉어라",김수영,"['#시론집', '#산문집', '#시학']"
 검은 책 2,오르한 파묵,['']
 검은 책 1,오르한 파묵,['']
 월든,헨리 데이비드 소로,['']
 악령 2,표도르 도스토옙스키,"['#러시아소설', '#고전소설']"
 만년,다자이 오사무,['']
 모두 다 예쁜 말들,코맥 매카시,"['#영미소설', '#세계문학', '#서부', '#성장기']"
 나는 고백한다 2,자우메 카브레,"['#스페인소설', '#카탈루냐문학', '#악의연대기', '#개인사', '#비극', '#바이올린']"
 거장과 마르가리타,미하일 불가꼬프,"['#세계고전문학', '#러시아고전', '#러시아소설']"
 서머싯 몸 단편선 1,서머싯 몸,"['#여행', '#청춘', '#여정']"
 악령 3,표도르 도스토옙스키,"['#러시아소설', '#고전소설']"
 나는 고백한다 3,자우메 카브레,"['#스페인소설', '#카탈루냐문학', '#악의연대기', '#개인사', '#비극', '#바이올린']"
 남아 있는 나날,가즈오 이시구로,"['#노벨문학상', '#부커상', '#집사', '#영국', '#구시대', '#신시대']"
 암 병동 1,알렉산드르 이사예비치 솔제니친,"['#세계고전문학', '#러시아고전', '#러시아소설']"
 좌절,임레 케르테스,"['#노벨문학상', '#세계고전문학', '#헝가리소설']"
 서머싯 몸 단편선 2,서머싯 몸,"['#여행', '#청춘', '#여정']"
 핏빛 자오선,코맥 매카시,"['#영미소설', '#서부개척신화', '#미국역사']"
 나는 고백한다 1,자우메 카브레,"['#스페인소설', '#카탈루냐문학', '#악의연대기', '#개인사', '#비극', '#바이올린']"
 대사들 2,헨리 제임스,['']
 대사들 1,헨리 제임스,['']
 태엽 감는 새 연대기 3: 새 잡이 사내,무라카미 하루키,"['#요미우리문학상', '#일본소설', '#인간존재', '#아내', '#가출', '#남편', '#고양이', '#폭력', '#역사', '#2차세계대전']"
 평원의 도시들,코맥 매카시,"['#영미소설', '#세계문학', '#서부', '#청년', '#성장']"
 제브데트 씨와 아들들 2,오르한 파묵,"['#노벨문학상', '#세계고전문학', '#터키소설']"
 벌거벗은 자와 죽은 자 2,노먼 메일러,"['#세계고전문학', '#영미소설', '#미국문학', '#미국소설']"
 제브데트 씨와 아들들 1,오르한 파묵,"['#노벨문학상', '#세계고전문학', '#터키소설']"
 족장의 가을,가브리엘 가르시아 마르케스,['']
 사볼타 사건의 진실,에두아르도 멘도사,"['#세계고전문학', '#스페인고전', '#스페인소설']"
 피의 꽃잎들,응구기 와 시옹오,"['#아프리카소설', '#케냐', '#독재', '#탐욕', '#신식민주의']"
 삼국유사,일연,"['#세계고전문학', '#한국고전문학', '#한국고전', '#역사소설', '#고조선', '#신라', '#고구려', '#백제']"
 다시 찾은 브라이즈헤드,에벌린 워,"['#세계고전문학', '#영미소설', '#영국문학', '#영국소설']"
 마왕,미셸 투르니에,"['#세계고전문학', '#프랑스고전', '#프랑스소설']"
 일야서,한사오궁,"['#세계고전문학', '#중국고전', '#중국소설']"
 한국 희곡선 2,송영,"['#세계고전문학', '#한국고전문학', '#한국고전', '#한국소설']"
 캐치-22 2,조지프 헬러,"['#세계고전문학', '#영미소설', '#미국문학', '#미국소설']"
 한국 희곡선 1,송영,"['#세계고전문학', '#한국고전문학', '#한국고전', '#한국소설']"
 벌거벗은 자와 죽은 자 1,노먼 메일러,"['#세계고전문학', '#영미소설', '#미국문학', '#미국소설']"
 에마,제인 오스틴,"['#세계고전문학', '#영국고전', '#영국소설', '#사랑', '#연애', '#결혼', '#자아', '#감정', '#영화원작소설', '#드라마원작소설']"
 반항하는 인간,알베르 카뮈,['']
 전쟁과 평화 1,레프 톨스토이,"['#세계고전문학', '#러시아고전', '#러시아소설', '#성장소설', '#사랑', '#청춘', '#민중', '#역사', '#인간상', '#진리']"
 방랑자들,올가 토카르추크,['']
 전쟁과 평화 2,레프 톨스토이,"['#세계고전문학', '#러시아고전', '#러시아소설', '#성장소설', '#사랑', '#청춘', '#민중', '#역사', '#인간상', '#진리']"
 전쟁과 평화 3,레프 톨스토이,"['#세계고전문학', '#러시아고전', '#러시아소설', '#성장소설', '#사랑', '#청춘', '#민중', '#역사', '#인간상', '#진리']"
 앙리 브륄라르의 생애,스탕달,"['#프랑스소설', '#탐구', '#존재']"
 맨스필드 파크,제인 오스틴,"['#세계고전문학', '#영국고전', '#영국소설', '#사랑', '#결혼', '#모순', '#환경', '#계급', '#지배', '#이데올로기']"
 전쟁과 평화 4,레프 톨스토이,"['#세계고전문학', '#러시아고전', '#러시아소설', '#성장소설', '#사랑', '#청춘', '#민중', '#역사', '#인간상', '#진리']"
 국경을 넘어,코맥 매카시,"['#영미소설', '#세계문학', '#서부', '#소년', '#여행자']"
 개구리,모옌,['']
 셰익스피어 4대 비극 세트,윌리엄 셰익스피어,"['#영국희곡', '#햄릿', '#오셀로', '#맥베스', '#리어왕']"
 신곡 세트,단테 알리기에리,"['#세계고전문학', '#이탈리아고전', '#이탈리아소설', '#서사시', '#욕망', '#죄악', '#운명', '#영혼', '#구원', '#성찰']"
